product_id,product_name,supplier,cost_per_unit,lead_time_days
110895339,"Marketside Roasted Red Pepper Hummus, 10 Oz",Supplier C,3.2,30
105455228,"Marketside Roasted Garlic Hummus, 10 Oz",Supplier B,2.48,21
128642379,"Marketside Classic Hummus, 10 Oz",Supplier B,2.67,14
366126367,"Marketside Everything Hummus, 10 oz",Supplier B,3.11,21
160090316,"Price's Jalapeno Dip, 12 Oz.",Supplier D,3.86,14
174071300,"Price's Green Chili Dip, 12 Oz.",Supplier B,3.42,30
10294995,"Dean's, French Onion Dip, 16 oz Tub",Supplier A,2.63,30
37915367,"Marketside Spinach & Artichoke Dip, 16 Oz",Supplier B,6.51,30
482903957,Fresh Cravings Roasted Red Pepper Hummus 10oz,Supplier B,3.33,30
538183292,"Marketside Buffalo Style Chicken Dip, 11 oz",Supplier C,4.65,7
628355959,"Marketside Spicy Hummus, 10 oz",Supplier C,3.1,14
764726416,"Marketside Pine Nut Hummus, 10 oz",Supplier C,3.28,21
439259695,"Marketside Cantina Style Salsa, 16 oz",Supplier B,2.49,7
825414671,Fresh Cravings Everything Bagel Hummus 10oz,Supplier B,2.82,14
437850228,Fresh Cravings Roasted Garlic Hummus 10 oz,Supplier D,4.03,30
947277219,Fresh Cravings Honey Jalapeno Hummus 10oz,Supplier D,3.2,30
789505963,Fresh Cravings Classic Hummus 10oz,Supplier C,3.22,14
533767006,"Freshness Guaranteed Guacamole, Mild, 8 oz",Supplier A,3.31,30
634219926,"Tabla Fresca Farmstand Fresh Mild Salsa, 16 oz",Supplier A,5.12,21
562281812,Fresh Cravings Spicy Red Pepper Hummus 10oz,Supplier B,4.24,14
10533232,"Gordo's Original Queso Cheese Dip, 16 oz Tub Brand/ Product Line=Gordo's Count per pack=this item is single, none to list Food Condition=must be refrigerated",Supplier D,6.55,14
194597385,"Great Value French Onion Dip, 16 oz Tub",Supplier B,1.69,30
523209999,"Marketside Bacon Ranch Cheddar Dip, 16 oz",Supplier D,6.22,7
45595344,"Marketside Spinach Dip, 16 Oz",Supplier D,4.21,7
353746204,"Tabla Fresca Farmstand Cilantro Salsa, 32 Oz",Supplier D,5.38,14
886189683,"Marketside Tzatziki Style Dip, 16 oz",Supplier D,6.12,7
182014505,"Price's Grade A Red And Green Chile Sour Cream Dip, 12 Oz.",Supplier A,4.05,30
918905668,"Marketside Sweet Heat Mango Peach Salsa, 16 Ounce",Supplier D,3.37,7
803856854,"Marketside Jalapeno Artichoke Dip, 16 oz",Supplier C,5.98,7
175922691,Julio's Mild Sauce 16oz,Supplier C,3.86,21
719820277,"Texas Pete Blazin Buffalo Chicken Dip, 12 oz.",Supplier A,3.44,21
45048083,"Giovanni Rana Homestyle Sauce Alfredo Premium Pasta Topping Jar (Family Size, 15oz)",Supplier C,6.03,30
763504859,"Marketside Gouda Bacon Green Chile Dip, 12 oz",Supplier A,4.84,30
585091565,"Freshness Guaranteed Chunky Avocado, 8 Oz (Fresh)",Supplier D,3.83,14
123008789,"Marketside Mild Queso Blanco Dip, 16 oz",Supplier B,3.97,7
135810005,"Freshness Guaranteed Spicy Guacamole Mini Cups, 2 Oz, 6 Count (Fresh)",Supplier C,3.64,21
10416257,"WHOLLY Guacamole Classic Mini Single Serve Cups, Mild, 2 Oz (6-Pack)",Supplier D,6.26,14
465407928,Rojo's Classic 5 Layer Dip 28oz,Supplier D,8.97,7
566601063,"Marketside Spinach Dip, 24 oz",Supplier B,8.03,7
778724908,"Marketside Smokehouse Burnt Ends Dip, 12 oz",Supplier D,6.58,14
763504859,"Marketside Gouda Bacon Green Chile Dip, 12 oz",Supplier D,6.95,14
585091565,"Freshness Guaranteed Chunky Avocado, 8 Oz (Fresh)",Supplier D,2.52,30
123008789,"Marketside Mild Queso Blanco Dip, 16 oz",Supplier B,5.56,21
135810005,"Freshness Guaranteed Spicy Guacamole Mini Cups, 2 Oz, 6 Count (Fresh)",Supplier D,4.3,30
10416257,"WHOLLY Guacamole Classic Mini Single Serve Cups, Mild, 2 Oz (6-Pack)",Supplier C,5.58,14
465407928,Rojo's Classic 5 Layer Dip 28oz,Supplier A,7.55,30
566601063,"Marketside Spinach Dip, 24 oz",Supplier D,6.72,7
246522234,"Texas Pete Southwestern Sausage & Cheese Dip, 12 oz.",Supplier D,3.68,14
163380487,Julio's Hot Sauce 16oz,Supplier C,3.14,7
162865584,Bobby Salazar's Medium Salsa 15 oz.,Supplier D,3.93,30
45794665,"WHOLLY GUACAMOLE Avocado Verde, 10 oz",Supplier D,3.27,14
502056800,"Marketside Homestyle Guacamole, 15oz",Supplier C,4.89,14
33284332,"WHOLLY Avocado Chunky Mini Single Serve Cups, 100% Hass Avocado, 2 Oz (6-Pack)",Supplier B,5.13,30
572154678,"Freshness Guaranteed Guacamole, Spicy, 8 oz",Supplier D,2.69,14
141678101,Litehouse Home Style Ranch Dip 12fo,Supplier A,2.95,21
352623724,"Sabra Snackers Guacamole & Rolled Tortilla Chips 2.8 oz, (Deli Snacking)",Supplier A,2.7,30
257878596,"HERDEZ Cilantro Lime Salsa Cremosa, 15.3 oz",Supplier A,2.69,30
971866125,Wholly Guacamole Avocado Diced 2/4oz,Supplier D,5.51,14
169348561,Sabra Singles Classic Guacamole 2 oz (4 count),Supplier D,5.9,30
242663613,"HERDEZ Traditional Guacamole, Mild, 8 Oz",Supplier B,3.49,7
127393678,"Old El Paso Taco Sauce - Creamy Salsa Verde, 9 oz.",Supplier B,4.66,30
773795732,"Twisted Ranch Garlic Smashed Buffalo Sauce & Dressing, 13 fl oz Bottle",Supplier A,3.04,30
189173733,Bobby Salazar's Salsa Verde 15 oz.,Supplier B,3.27,14
22211145,"WHOLLY Guacamole Spicy Mini Single Serve Cups, Hot, 2 Oz (6-Pack)",Supplier B,6.88,30
856325681,"HERDEZ Traditional Guacamole, Spicy, 8 Oz",Supplier A,2.61,21
816033200,"Twisted Ranch Black Peppered Parmesan Sauce & Dressing, 13 fl oz Bottle",Supplier A,3.29,21
350350455,"Texas Pete Zesty Chicken Enchilada Dip, 12 oz.",Supplier B,4.13,14
45048082,"Giovanni Rana Homestyle Sauce Pesto Premium Pasta Topping Jar (Share Size, 12.5oz)",Supplier A,8.12,14
10323697,"Beano's All American Sandwich Spread Bottle, 8 oz",Supplier C,2.05,30
10533408,"Woeber's Sandwich Pal Horseradish Sauce, 16 oz Bottle",Supplier D,2.18,7
10308638,"Marzetti Chocolate Fruit Dip, 15 oz",Supplier C,4.81,21
39598399,"Rana Marinara Sauce Family Size, 15oz",Supplier A,3.49,21
746452117,"Pace Avocado Salsa, Medium Salsa, 15 Ounce Jar",Supplier D,3.01,7
669943948,"Pace Avocado Salsa, Mild Salsa, 15 Ounce Jar",Supplier B,4.32,7
512090935,"HERDEZ Roasted Poblano Salsa Cremosa, 15.3 oz",Supplier A,2.66,30
839695243,"HERDEZ Chipotle Salsa Cremosa, 15.3 oz",Supplier A,2.77,30
455519128,"Lay's French Onion Dip, 23 oz Jar",Supplier C,6.46,7
856827053,"Yucatan Authentic Guacamole Squeeze, 14 oz Pouch",Supplier A,4.38,7
10535268,"Beaver Brand Hot Cream Horseradish, 12 oz",Supplier B,3.3,30
778724908,"Marketside Smokehouse Burnt Ends Dip, 12 oz",Supplier A,6.81,30
19500170,"Dolci Frutta, Hard Chocolate Shell, 8 Oz",Supplier B,3.34,14
604265424,"Diablo Verde Salsa, Medium Creamy Cilantro Sauce, 12.5 oz. Jar",Supplier D,5.65,14
109285772,GoVerden Spicy Guacamole 12oz,Supplier B,5.14,14
289212253,GoVerden Classic Guacamole 12oz,Supplier C,4.6,14
10316267,"Red Bull Energy Drink, 8.4 Fl Oz (12 pack)",Supplier B,25.55,21
10316265,"Red Bull Energy Drink, 8.4 Fl Oz (4 pack)",Supplier D,6.37,14
581272641,"Monster Energy Green, Original, 16 fl oz, 12 Pack",Supplier B,19.19,7
23598242,"V8 +ENERGY Orange Pineapple Energy Drink, 8 FL OZ Can (Pack of 6)",Supplier B,5.47,7
133257890,"V8 +ENERGY Pomegranate Blueberry Energy Drink, 8 FL OZ Can (Pack of 12)",Supplier C,11.89,30
118445796,"NOS High Performance Energy Drink, Original, 16 fl oz, 8 Pack",Supplier B,14.14,30
10316266,"Red Bull Energy Drink, 12 Fl Oz (4 pack)",Supplier C,11.08,14
394935847,"Monster Energy Zero Ultra, Sugar Free Energy Drink, 16 fl oz, 12 Pack",Supplier B,24.25,7
493786197,"Red Bull Energy Drink, Watermelon, 12 Fl Oz (4 pack)",Supplier C,9.49,30
10534634,"Monster Energy Green, Original, Energy Drink, 16 fl oz, 4 Pack",Supplier C,6.09,7
12018563,"Java Monster Mean Bean, Coffee + Energy Drink, 15 Fl Oz",Supplier D,2.59,30
129668810,"V8 +ENERGY Peach Mango Energy Drink, 8 FL OZ Can (Pack of 12)",Supplier D,11.74,14
615734763,Alani Energy Drink-breezeberry-12oz,Supplier B,2.56,30
381952965,"Bucked Up Energy Drink, 300mg Caffeine, Rocket Pop, 16 fl oz",Supplier D,2.65,14
700224899,"Red Bull Energy Drink, Dragon Fruit, 12 Fl Oz",Supplier D,3.31,30
489714251,"Monster Ultra Variety Pack, Ultra Watermelon + Ultra Paradise 16 fl oz, Pack of 12",Supplier D,24.03,14
44676662,"V8 +ENERGY Black Cherry Energy Drink, 8 FL OZ Can (Pack of 6)",Supplier C,4.48,30
199421105,Bang Energy Drink WW 16 Fluid Ounce Single Can,Supplier A,1.98,14
12018560,"Monster Energy Green, Original, Energy Drink, 16 fl oz",Supplier C,2.35,14
36742296,"Monster Energy Zero Ultra, Sugar Free Energy Drink, 16 fl oz, 4 Pack",Supplier B,5.85,21
876626052,"Bang Blue Razz Energy Drink with Super Creatine, 16 oz, 4 Pack Cans",Supplier A,8.37,14
509370349,"Red Bull Energy Drink, Dragon Fruit, 12 Fl Oz (4 pack)",Supplier D,10.94,14
842388919,"Bang Peach Mango Energy Drink with Super Creatine, 16 oz Can",Supplier A,2.65,14
12018772,"Red Bull Energy Drink, 12 Fl Oz",Supplier A,2.8,21
12018770,"Red Bull Energy Drink, Sugar Free, 8.4 Fl Oz (4 Pack)",Supplier B,6.08,14
19766232,"V8 +ENERGY Pomegranate Blueberry Energy Drink, 8 FL OZ Can (Pack of 6)",Supplier B,4.34,7
46535268,"Rockstar Punched Fruit Punch Energy Drink, 16 oz, 4 Pack Cans",Supplier D,3.92,21
158080429,"Red Bull Energy Drink, Blueberry, 12 Fl Oz (4 pack)",Supplier A,8.94,14
105255813,"Red Bull Energy Drink, Tropical, 12 Fl Oz (4 pack)",Supplier C,13.42,30
10316268,"Red Bull Energy Drink, Sugar Free, 8.4 Fl Oz (12 Pack)",Supplier C,22.84,21
778093902,"Juice Monster Mango Loco, Energy + Juice, 16 fl oz, 12 Pack",Supplier C,24.31,30
32212700,"V8 +ENERGY Diet Strawberry Lemonade Energy Drink, 8 FL OZ Can (Pack of 6)",Supplier B,6.5,7
363298130,"Rockstar Sugar Free Energy Drink, 16 fl oz",Supplier B,1.8,7
890955200,"Mtn Dew Energy, Strawberry Melon Spark, 16 oz can",Supplier A,2.15,7
765443211,Alani Energy Drink - Wm Variety-12 Pk,Supplier C,20.26,14
835898120,"Red Bull Energy Drink, Peach, 12 fl oz (4 Pack)",Supplier C,11.16,14
300940252,"Bang Cotton Candy Energy Drink, 16 fl oz",Supplier C,2.01,14
291822869,C4 Energy Drink + Strawberry Watermelon Ice + Zero Sugar + Explosive Energy + 16oz Single Can,Supplier B,2.25,14
312150172,"Red Bull Energy Drink, Variety Pack 8.4 Fl Oz (12 pack)",Supplier C,23.5,30
116711501,"Juice Monster Pipeline Punch, Energy + Juice, 16 fl oz, 4 Pack",Supplier D,8.74,30
363298130,"Rockstar Sugar Free Energy Drink, 16 fl oz",Supplier B,2.04,21
890955200,"Mtn Dew Energy, Strawberry Melon Spark, 16 oz can",Supplier D,2.27,30
765443211,Alani Energy Drink - Wm Variety-12 Pk,Supplier C,21.38,30
835898120,"Red Bull Energy Drink, Peach, 12 fl oz (4 Pack)",Supplier B,9.27,7
300940252,"Bang Cotton Candy Energy Drink, 16 fl oz",Supplier B,1.87,21
291822869,C4 Energy Drink + Strawberry Watermelon Ice + Zero Sugar + Explosive Energy + 16oz Single Can,Supplier B,2.0,21
312150172,"Red Bull Energy Drink, Variety Pack 8.4 Fl Oz (12 pack)",Supplier C,19.4,7
116711501,"Juice Monster Pipeline Punch, Energy + Juice, 16 fl oz, 4 Pack",Supplier C,5.82,7
298640547,"Mtn Dew Energy, Orange Breeze,16 oz can",Supplier B,2.4,14
655022031,"Mtn Dew Energy, Tropical Sunrise, 16 oz can",Supplier D,2.09,14
12018564,"Java Monster Loca Moca, Coffee + Energy Drink, 15 Fl Oz",Supplier A,2.6,14
288817357,Alani Energy Drink-cosmic Stardust-12oz,Supplier C,2.36,7
925507823,Alani Energy Drink-cherry Slush-12oz,Supplier B,2.23,21
203223135,"Mtn Dew Energy, Pomegranate Blue Burst,16 oz can",Supplier D,2.37,21
342290125,"Java Monster Mean Bean, Coffee + Energy Drink, 11 fl oz, 6 Pack",Supplier A,13.62,21
19766233,"V8 +ENERGY Peach Mango Energy Drink, 8 FL OZ Can (Pack of 6)",Supplier D,5.51,7
153513315,"Bucked Up Energy Drink, 300mg Caffeine, Blue Raz, 16 fl oz",Supplier B,2.94,21
171481854,"Monster Energy Ultra Rosa, Sugar Free Energy Drink, 16 fl oz",Supplier C,2.39,7
482336036,"Monster Energy Ultra Watermelon, 16 Fl Oz",Supplier C,2.73,30
135996869,"Bang Keto Coffee Cookies & Cream Craze High Protein Energy Drink, 15 oz Can",Supplier A,2.71,7
534954225,"Reign Total Body Fuel, White Gummy Bear, Performance Energy Drink, 16 fl oz",Supplier A,2.02,14
785680370,"Red Bull Energy Drink, Watermelon, 12 Fl Oz",Supplier B,2.9,14
279655835,"Bucked Up Energy Drink Low Stim, Rocket Pop, 16 fl oz, 100 mg Caffeine",Supplier C,3.03,21
520804479,"Rockstar Pure Zero Sugar Silver Ice Energy Drink, 16 oz Can",Supplier C,2.24,14
529843415,"Reign Total Body Fuel, Orange Dreamsicle, Performance Energy Drink, 16 fl oz",Supplier A,2.05,30
686516140,"V8 +SPARKLING ENERGY Strawberry Kiwi Energy Drink, 11.5 FL OZ (4 Pack)",Supplier C,4.99,14
618296012,"Bucked Up Big Game Energy Drink, Cotton Candy, 16 fl oz, 150 mg Caffeine",Supplier B,2.67,30
45733428,"Red Bull Energy Drink, Tropical, 12 Fl Oz",Supplier D,3.04,30
738711334,"Juice Monster Mango Loco, Energy + Juice, 16 fl oz",Supplier D,2.31,21
957052004,"Java Monster Loca Moca, Coffee + Energy Drink, 11 fl oz, 6 Pack",Supplier C,9.38,14
109000435,C4 Energy Drink + Frozen Bombsicle + Zero Sugar + Explosive Energy + 16oz Single Can,Supplier C,2.18,30
915326577,"V8 +ENERGY Orange Pineapple Energy Drink, 8 FL OZ Can (12 Pack)",Supplier B,10.43,7
935589628,"Rockstar Punched Fruit Punch Energy Drink, 16 oz Can",Supplier B,2.22,7
190000126,"Full Throttle, Original, Energy Drink, 16 fl oz, 8 Pack",Supplier A,11.64,30
14944717,"Rockstar Original Energy Drink, 16 oz, 4 Pack Cans",Supplier A,5.89,30
224613318,"Bang Cherry Blade Lemonade Energy Drink with Super Creatine, 16 oz Can",Supplier A,2.51,14
120890969,"Red Bull Energy Drink, Peach, 12 Fl Oz",Supplier C,2.67,7
624201849,"Celsius Sparkling Energy Drink  No Sugar or Preservatives  Kiwi Guava (4 Drinks, 12 Fl Oz. Each)",Supplier D,5.77,7
292025844,"Bang Blue Razz Energy Drink with Super Creatine, 16 oz Can",Supplier A,2.2,7
249955566,"Monster Energy Ultra Fiesta, Sugar Free Energy Drink, 16 fl oz",Supplier D,2.29,21
10451002,"Great Value Vegetable Oil, 48 fl oz",Supplier B,5.39,14
10451011,"Great Value Vegetable Oil, 1 gal",Supplier C,11.67,14
10450988,"Great Value Canola Oil, 48 fl oz",Supplier A,4.97,30
10308191,Crisco Pure Vegetable Oil 48 fl. oz. Bottle,Supplier A,9.03,7
13281828,"Great Value Canola Oil, 1 gal",Supplier B,10.49,7
10315102,"Great Value Extra Virgin Olive Oil, 17 fl oz",Supplier D,4.79,7
10292273,"Bertolli, Original, ExtraVirgin Olive Oil, 16.9 fl oz",Supplier A,5.62,14
10308190,"Crisco Gluten Free, Butter Flavor, All Vegetable Shortening Sticks, 20oz",Supplier A,8.62,14
10308271,Crisco Pure Vegetable Oil 1 gal.,Supplier A,13.25,21
10450986,"Great Value, All Vegetable Shortening, 48 oz Can",Supplier D,8.11,30
10316039,"Great Value: 100% Extra Virgin Olive Oil, 25.5 fl oz",Supplier D,5.94,7
10308188,"Crisco Pure Canola Oil, 48 fl oz",Supplier D,9.29,30
10308181,"Crisco All-Vegetable Shortening, 48 oz",Supplier B,11.81,14
10316038,"Great Value Classic Olive Oil, 25.5 fl oz",Supplier A,5.4,14
10308189,Crisco All-Vegetable Shortening Sticks 20 oz. Pack,Supplier D,7.96,14
10315103,"Great Value Classic Olive Oil, 17 fl oz",Supplier C,2.53,14
10291483,"WESSON Pure & Cholesterol Free Vegetable Oil, 48 fl oz",Supplier A,5.4,7
12443077,WESSON Pure Canola Oil 0 g Trans Fat Cholesterol Free 24 oz.,Supplier D,4.81,14
19500299,"Mazola Corn Oil, 40 Fl Oz",Supplier D,5.43,14
146408163,"Great Value Organic Unrefined Virgin Coconut Oil, 14 fl oz",Supplier A,9.26,14
10447927,"Wesson Vegetable Pure Natural Oil, 128 fl oz",Supplier A,16.17,14
22301261,Pompeian Grapeseed Oil - 24 fl oz,Supplier C,6.07,30
149497304,"Panera Bread Broccoli Cheddar Soup, 16oz (Fresh Deli Soup)",Supplier B,5.56,7
44391266,"Great Value Peanut Oil, 128 fl oz",Supplier D,21.5,7
161537131,Taylor Farms BLT Salad with Chicken & Bacon Salad 6.5oz (Deli Salad Bowl),Supplier D,3.94,7
176946682,Pompeian Smooth Extra Virgin Olive Oil - 16 fl oz,Supplier C,6.41,7
209309940,"Marketside Lobster Bisque, 16oz, (Fresh Deli Soup)",Supplier B,3.69,30
182984561,"Freshness Guaranteed Mustard Potato Salad, 16 oz",Supplier A,3.28,7
10315963,"Great Value Extra Virgin Olive Oil, 101 fl oz",Supplier D,24.39,14
540360721,"Marketside Broccoli Cheddar Soup, 16 oz, (Fresh Deli Soup)",Supplier A,3.26,30
10320857,Pompeian Robust Extra Virgin Olive Oil - 16 fl oz,Supplier C,8.17,21
215031623,"Marketside Santa Fe Style Salad with Chicken, 6.35 oz",Supplier B,3.8,21
10411932,"Smart Balance Vegetable Oil Bottle, 48 fl oz",Supplier D,10.19,14
690599074,"Marketside Sunflower Bacon Crunch Chopped Salad Kit, 10.6 oz",Supplier D,4.62,14
132339871,"Marketside Creamy Cauliflower Parmesan Soup, 16 oz, (Fresh Deli Soup)",Supplier B,4.22,21
10291485,"WESSON Pure & Cholesterol Free Canola Oil, 48 fl oz.",Supplier B,6.22,21
983033941,"Marketside Creamy Tomato Bisque, 16 oz, (Fresh Deli Soup)",Supplier C,2.54,30
147046935,"Chosen Foods 100% Pure Avocado Oil, 25.4 fl oz., Bottle",Supplier C,16.65,7
13893729,"Marketside Classic Iceberg Salad, 12 oz",Supplier A,1.98,21
119335091,"Great Value Organic Extra Virgin Olive Oil, 51 fl oz",Supplier A,11.31,21
148584389,"Panera Bread Baked Potato Soup, 16 OZ Soup Cup (Gluten Free)",Supplier B,4.11,21
10451543,"Great Value Corn Oil, 48 fl oz",Supplier B,6.38,30
165223637,"Taylor Farms Caesar Salad with Chicken & Bacon, 5.75 oz (Deli Salad Bowl)",Supplier D,2.92,7
963616170,"Marketside Chicken Noodle Soup, 16 oz, (Fresh Deli Soup)",Supplier D,3.43,7
51630343,"Great Value Organic Extra Virgin Olive Oil, 17 fl oz",Supplier D,5.21,21
409668151,"Marketside Asian Chopped Salad Kit, 10.6 oz",Supplier C,4.74,21
591678282,"California Olive Ranch 100% California Medium Extra Virgin Olive Oil, 16.9 fl oz",Supplier D,10.19,21
457636025,"Marketside Loaded Potato Soup, 16 oz, (Fresh Deli Soup)",Supplier D,3.8,30
10312412,"Orville Redenbacher's Popping & Topping Buttery Flavored Oil, 16 Oz",Supplier C,5.38,30
244663920,"Marketside Caesar Salad with Chicken, 6.25 oz",Supplier D,2.98,30
10292276,"Bertolli Extra Light Tasting Olive Oil, 25.36 fl oz",Supplier B,9.5,7
26543475,"Marketside Caesar Salad Kit Family Size, 17.8 oz",Supplier A,5.5,21
572737346,"Marketside New England Clam Chowder, 16 oz, (Fresh Deli Soup)",Supplier A,3.23,14
10293013,"LouAna Peanut Oil, 128.0 FL OZ",Supplier A,25.97,21
488410707,"Marketside Chicken Tortilla Soup, 16 oz, (Fresh Deli Soup)",Supplier C,4.82,14
49951857,Pompeian Smooth Extra Virgin Olive Oil - 32 fl oz,Supplier D,13.44,21
658271288,"Taylor Farms Apple & Walnut Salad with Chicken, 5.5 oz (Deli Salad Bowl)",Supplier C,2.94,30
535864229,"Great Value Refined Avocado Oil, 25.5 fl oz",Supplier D,12.53,21
194070982,"Freshness Guaranteed Original Macaroni Salad, 32 oz",Supplier B,4.16,30
255015882,Taylor Farms Chef Salad with Ham and Chicken (Fresh Deli Salad),Supplier A,3.13,21
39362660,"California Olive Ranch Medium Smooth & Balanced Extra Virgin Olive Oil, 47.3 fl oz",Supplier B,22.72,7
868677741,"Marketside Creamy Chicken & Wild Rice Soup, 16 oz, (Fresh Deli Soup)",Supplier C,4.96,7
106771091,"Great Value Organic Unrefined Virgin Coconut Oil, 29 fl oz",Supplier C,16.31,14
692756088,"Marketside Ranch Cobb Salad with Chicken & Bacon, (Fresh Deli Salad)",Supplier A,5.4,7
647462356,"Marketside Cobb Salad with Turkey & Uncured Bacon, 7.25 oz",Supplier A,3.57,14
471254264,"Freshness Guaranteed White Meat Chicken Salad with Cranberries, Celery, and Pecans, 12 oz",Supplier B,4.96,21
435860721,"Freshness Guaranteed Deviled Egg Potato Salad, 16 oz",Supplier D,3.96,30
748710581,"Marketside Chef Salad with Uncured Ham and Turkey, 7.25 oz",Supplier D,4.01,21
222136101,"Freshness Guaranteed Rotisserie Seasoned White Meat Chicken Salad, 12 oz",Supplier A,5.79,21
117750696,"Taylor Farms American Style Pasta Salad, 9.75 oz, (Deli Salad Bowl)",Supplier B,3.08,21
825580634,"Marketside Cranberry Walnut Salad, 4.5 oz",Supplier D,3.69,21
174600820,"Freshness Guaranteed Original Macaroni Salad, 16 oz",Supplier A,2.54,7
160581633,"Freshness Guaranteed Original Coleslaw, 15 oz",Supplier C,2.5,14
812222492,"Freshness Guaranteed Deviled Egg Potato Salad, 32 oz",Supplier D,6.74,21
133236280,"Freshness Guaranteed Original Potato Salad, 32 Oz",Supplier B,5.02,14
708153641,"Marketside Chicken Caesar Salad, (Fresh Deli Salad)",Supplier B,4.75,21
375703627,"Marketside Avocado Ranch Salad with Chicken, 7.45 oz",Supplier B,5.45,14
128485726,"Marketside Spinach Dijon Salad, 4.9 oz",Supplier B,3.84,21
23591076,"Santa Barbara Bay Crab Salad, 14 oz",Supplier D,6.77,7
511972729,"Marketside BLT Salad with Turkey & Uncured Bacon, 6.81 oz",Supplier B,4.9,21
632648002,"CELSIUS On-The-Go Essential Energy Powder Packs, Dragonfruit Lime (Pack of 14)",Supplier C,13.35,30
426178688,"Monster Energy Ultra Sunrise, Sugar Free Energy Drink, 16 fl oz, 12 Pack",Supplier C,20.24,7
216963997,"V8 +SPARKLING ENERGY Orange Pineapple Energy Drink, 11.5 FL OZ (24 Pk)",Supplier D,6.65,21
384851526,"Bucked Up Energy Drink, 300mg Caffeine, Blood Razz, 16 fl oz",Supplier A,3.2,7
14532503,"Starbucks Doubleshot Energy Vanilla Coffee Energy Drink, 15 oz Can",Supplier C,3.22,30
789969432,"Red Bull Energy Drink, Coconut Berry, 12 Fl Oz",Supplier C,2.55,14
555823581,"V8 +SPARKLING ENERGY Black Cherry Energy Drink, 11.5 FL OZ Can (Pack of 4)",Supplier C,4.13,30
23382652,"Eternal Energy Premium Energy Shot, Tropical Punch, 1.93 fl oz, 6 Count",Supplier B,3.75,14
126596791,"Monster Energy Ultra Fiesta, Ultra Fiesta, 16 oz. (Pack of 4)",Supplier B,7.75,7
721440200,"Kill Cliff Ignite Smashing Citrus, 12oz CLEAN ENERGY DRINK",Supplier B,2.44,21
147922155,"Rockstar Recovery Orange with Electrolytes Energy Drink, 16 oz Can",Supplier B,1.83,14
541865901,"Monster Energy Lo-Carb, Energy Drink, 16 fl oz, 12 Pack",Supplier D,19.1,30
51871250,"Juice Monster Pipeline Punch, Energy + Juice, 16 fl oz",Supplier D,2.24,14
313216488,"Monster Ultra Paradise, 16 Fl Oz",Supplier A,1.84,30
840690786,"CELSIUS Essential Energy Drink 12 Fl Oz, Sparkling Fuji Apple Pear (Single Can)",Supplier C,2.28,7
492447221,"Bang Sour Heads Energy Drink with Super Creatine, 16 oz Can",Supplier C,2.59,14
45733432,"Red Bull Energy Drink, Blueberry, 12 Fl Oz",Supplier D,2.36,30
608101554,"Alani Nu Sugar-Free Energy Drink, Cosmic Stardust, 12 oz Cans (Pack of 6)",Supplier C,15.82,21
592611238,"Starbucks Tripleshot Energy Mocha Extra Strength Coffee Energy Drink, 15 oz Can",Supplier D,3.85,14
36716922,"Monster Zero Ultra, 16 fl oz",Supplier D,2.18,7
108931301,"CELSIUS Essential Energy Drink 12 Fl Oz, Sparkling Orange (Single)",Supplier C,2.07,30
948672963,"Bucked Up Energy Drink, 300mg Caffeine, Mango Tango, 16 fl oz",Supplier A,2.04,21
656619300,"Monster Energy Ultra Watermelon, Sugar Free Energy Drink, 16 fl oz, 4 Pack",Supplier D,9.17,14
413214729,"Rockstar Original Energy Drink, 16 fl oz",Supplier D,2.08,14
704278391,"C4 Ultimate + Arctic Snow Cone + Energy Drink + Pump + Performance + 16 oz, Single Can",Supplier B,2.76,14
974614417,"CELSIUS Essential Energy Drink 12 Fl Oz, Sparkling Watermelon (Single Can)",Supplier D,2.45,30
21048453,"Starbucks Doubleshot Energy White Chocolate Coffee Energy Drink, 15 oz Can",Supplier C,3.34,7
646466156,"ZOA Energy Drink, Pineapple Coconut, Zero Sugar, 16 Fl oz.",Supplier A,2.26,21
123527363,"NOS High Performance Energy Drink, 16 fl oz",Supplier A,2.01,30
548937204,"ZOA Energy Drink, Wild Orange, Zero Sugar, 16 Fl oz.",Supplier B,2.9,21
554178741,"Starbucks Tripleshot Energy Caramel Extra Strength Coffee Energy Drink, 15 oz Can",Supplier D,3.21,21
126229248,Starbucks Tripleshot Energy Zero Sugar Vanilla Extra Strength Coffee Energy Drink 15 oz Can,Supplier B,3.78,7
584597220,"Starbucks Tripleshot Energy French Vanilla Extra Strength Coffee Energy Drink, 15 oz Can",Supplier D,3.83,30
10533124,"Red Bull Energy Drink, Sugar Free, 12 Fl Oz",Supplier C,2.73,7
14532501,"Starbucks Doubleshot Energy Mocha Coffee Energy Drink, 15 oz Can",Supplier C,3.86,7
28774189,"Celsius Sparkling Energy Drink  No Sugar or Preservatives  Orange (4 Drinks, 12 Fl Oz. Each)",Supplier A,6.58,21
37846244,"Malta Goya Malt Beverage, 7 fl oz, 10 count",Supplier D,5.95,30
793311375,"Kill Cliff Ignite Cherry Lime Grenade, 12oz CLEAN ENERGY DRINK",Supplier A,2.4,7
853690356,"Bucked Up Big Game Energy Drink, Sour Gummy, 16 fl oz, 150 mg Caffeine",Supplier D,2.4,14
22210629,"POWERADE Zero Sugar Fruit Punch, ION4 Electrolyte Enhanced Fruit Flavored Zero Sugar Zero Calorie Sports Drink, 20 fl oz, 8 Pack",Supplier B,5.3,21
591678282,"California Olive Ranch 100% California Medium Extra Virgin Olive Oil, 16.9 fl oz",Supplier C,10.71,30
10312412,"Orville Redenbacher's Popping & Topping Buttery Flavored Oil, 16 Oz",Supplier C,4.93,7
10292276,"Bertolli Extra Light Tasting Olive Oil, 25.36 fl oz",Supplier C,9.15,14
10293013,"LouAna Peanut Oil, 128.0 FL OZ",Supplier D,22.27,7
49951857,Pompeian Smooth Extra Virgin Olive Oil - 32 fl oz,Supplier D,11.08,14
535864229,"Great Value Refined Avocado Oil, 25.5 fl oz",Supplier A,12.79,21
39362660,"California Olive Ranch Medium Smooth & Balanced Extra Virgin Olive Oil, 47.3 fl oz",Supplier A,15.38,7
106771091,"Great Value Organic Unrefined Virgin Coconut Oil, 29 fl oz",Supplier A,15.53,14
46651261,"Great Value Light Tasting Olive Oil, 25.5 fl oz",Supplier D,9.04,7
10320858,Pompeian Robust Extra Virgin Olive Oil - 32 fl oz,Supplier B,10.28,14
10450625,Pompeian Robust Extra Virgin Olive Oil - 68 fl oz,Supplier D,19.98,14
46651266,"Great Value Classic Olive Oil, 51 fl oz",Supplier C,18.95,7
168344435,"La Tourangelle Organic Sun Coco Oil, 25.4 Fl Oz, Blend of Organic Sunflower Oil and Coconut Oil",Supplier C,14.09,14
37025807,"Carrington Farms Organic Coconut Cooking Oil, 32 fl oz",Supplier A,15.86,7
108601500,Pompeian Organic Robust Extra Virgin Olive Oil - 48 fl oz,Supplier C,18.33,7
851904504,"Carrington Farms Hemp Oil, 12oz",Supplier D,11.95,7
16627927,"GEM Extra Virgin Olive Oil for Seasoning and Finishing, 8.5 fl oz",Supplier C,3.28,7
128485726,"Marketside Spinach Dijon Salad, 4.9 oz",Supplier B,4.36,21
15262208,"Spectrum Organic Unrefined Virgin Coconut Oil, 14 fl oz Jar",Supplier B,13.16,30
23591076,"Santa Barbara Bay Crab Salad, 14 oz",Supplier B,6.07,14
511972729,"Marketside BLT Salad with Turkey & Uncured Bacon, 6.81 oz",Supplier A,4.26,21
40685373,"California Olive Ranch Global Blend Extra Virgin Olive Oil, Medium, 25.4 fl oz",Supplier D,12.95,30
199420070,"Freshness Guaranteed Mustard Potato Salad, 32 oz",Supplier D,3.29,30
10451495,"Great Value Corn Oil, 1 gal",Supplier D,15.0,21
598129992,Taylor Farms Fiesta (Deli Salad Bowl),Supplier C,4.24,7
47440602,"Terra Delyssa Extra Virgin Olive Oil, 34 fl oz Glass",Supplier D,12.33,7
688137975,"Marketside Southwest Style Salad with Chicken, (Fresh Deli Salad)",Supplier D,3.58,21
922397401,"Marketside Farmhouse Salad with Chicken & Bacon, (Fresh Deli Salad)",Supplier D,5.81,30
10315962,"Great Value Extra Virgin Olive Oil, 51 fl oz",Supplier B,11.92,21
597647204,"Ready Pac Foods Bistro Chicken Queso Fresco Salad with Creamy Avocado Dressing, 6.5 oz",Supplier C,3.96,21
169368947,"DCOOP Story Bottle Extra Virgin Olive Oil, 17 fl oz",Supplier D,9.57,21
16935784,"Marketside Caesar Salad Kit, 11.55 oz",Supplier D,3.62,30
40685371,"California Olive Ranch Global Blend Extra Virgin Olive Oil, 16.9 fl oz",Supplier C,10.16,7
812498775,"Marketside Southwest Style Salad With Chicken, 11.75 oz",Supplier B,6.27,7
1388649723,Marketside Chef Salad with Ham (Fresh Deli Salad),Supplier A,3.81,30
16940569,StarKist Selects E.V.O.O. Yellowfin Tuna in Extra Virgin Olive Oil - 2.6 oz Pouch,Supplier D,2.09,14
188899128,"Freshness Guaranteed Original Potato Salad, 16 oz",Supplier D,3.45,21
759314608,"BetterBody Foods Refined Almond Oil High Smoke Point, 16.9 Fl Oz",Supplier C,9.28,30
13893729,"Marketside Classic Iceberg Salad, 12 oz",Supplier A,1.56,7
690599074,"Marketside Sunflower Bacon Crunch Chopped Salad Kit, 10.6 oz",Supplier A,3.81,7
425138480,"Carapelli Oro Verde Extra Virgin Olive Oil: First Cold-Pressed EVOO, 25.36 fl oz (750ml)",Supplier C,12.02,21
681939107,"Ready Pac Foods Bistro Chopped Kickin' BBQ Style Salad with BBQ Ranch Dressing, 7 oz",Supplier B,2.98,7
10535750,"Spectrum Organic Refined Coconut Oil, 14 fl oz Jar",Supplier D,10.0,7
409668151,"Marketside Asian Chopped Salad Kit, 10.6 oz",Supplier A,4.68,21
19400285,"Marketside Premium Romaine Salad, 18 oz",Supplier D,4.24,14
130391670,"Great Value Organic Extra Virgin Olive Oil, 25.5 fl oz",Supplier C,9.22,21
442959681,"Marketside Caesar Chopped Salad Kit, 8.8 oz",Supplier B,3.65,14
13281639,Pompeian Organic Robust Extra Virgin Olive Oil - 16 fl oz,Supplier B,8.85,7
173615081,"Taylor Farms Screaming Hot Salad with Chicken, (Deli Salad Bowl)",Supplier A,4.17,7
182984561,"Freshness Guaranteed Mustard Potato Salad, 16 oz",Supplier C,3.22,14
595370106,"Carapelli Unfiltered Organic Extra Virgin Olive Oil: First Cold-Pressed EVOO, 25.36 fl oz (750ml)",Supplier C,10.91,7
431610884,"Marketside Avocado Ranch Chopped Salad Kit, 10.3 oz",Supplier B,3.31,21
48813508,"Bertolli Extra Virgin Olive Oil Organic, 25.36 fl oz",Supplier A,11.48,14
343402197,"Marketside Southwest Chopped Salad Kit, 10.3 oz",Supplier D,4.07,7
799195356,"Carrington Farms Organic Flax Cooking Oil,16 oz",Supplier B,13.41,14
39104763,"Marketside Angel Hair Cole Slaw, 10 oz",Supplier B,2.0,21
208589890,"Freshness Guaranteed BBQ Baked Beans with Brisket, 32 oz",Supplier D,8.86,14
101453215,Pompeian Smooth Extra Virgin Olive Oil - 68 fl oz,Supplier C,17.76,21
354597545,"Marketside Caesar Salad with Chicken, 12 oz",Supplier B,4.62,21
129104025,"Great Value Organic Unrefined Virgin Coconut Oil, 54 fl oz",Supplier B,26.22,21
300881040,"Marketside Kale Pecan Cranberry Chopped Salad Kit, 7 oz",Supplier C,3.37,30
46651273,"Roland Black Truffle Oil, 3.4 fl oz",Supplier C,13.21,14
26543475,"Marketside Caesar Salad Kit Family Size, 17.8 oz",Supplier A,6.38,21
113202282,"Marketside Bacon Ranch Crunch Chopped Salad Kit, 9.76 oz",Supplier A,4.76,14
149226104,Gaea Extra Virgin Olive Oil 17 oz,Supplier A,9.02,21
145883120,"Taylor Farms Maple Bourbon Bacon Chopped Salad Kit, 12.8 oz",Supplier B,4.49,30
108154993,"La Tourangelle, Roasted Walnut Oil, 16.9 fl oz (500 ml)",Supplier C,14.21,14
746830493,"Marketside Cherry Almond Gorgonzola Chopped Salad Kit, 10.7 oz",Supplier A,3.82,30
45622226,"Newman's Own Organics Extra Virgin Olive Oil, 16.9 fl oz",Supplier A,9.53,21
358095661,"Bumble Bee Tuna Salad Sandwich in Seconds, 2.5 oz Pouch",Supplier D,0.88,21
13893730,"Marketside Classic Iceberg Salad, 24 oz",Supplier D,2.41,7
55504335,"Partanna Asaro Sicily Grown Extra Virgin Olive Oil, 25.5 fl oz",Supplier A,14.96,7
10309564,"Bumble Bee Snack On The Run Ham Salad with Crackers Kit, 3.5 oz",Supplier D,1.46,14
633035057,"Marketside Baby Greens Salad, 6 Ounce",Supplier D,2.63,7
52434259,"Eat Smart Sweet Kale Vegetable Salad Kit, 12 oz",Supplier C,3.41,14
298181350,"Freshness Guaranteed Sliced Redskin Potato Salad, 32 oz",Supplier C,5.62,7
385515493,"Marketside Sunflower Bacon Crunch Chopped Salad Kit Family Size, 15.8 oz",Supplier D,6.13,14
564429459,"Taylor Farms Family Size Sweet Kale Chopped Salad Kit, 22oz, Vegetarian, Gluten Free",Supplier C,4.81,7
123323142,"Taylor Farms Mediterranean Crunch Chopped Salad Kit, 10.89 oz, Vegetarian, Soybean Free",Supplier D,4.29,30
728863904,"C4 Ultimate + Fruit Punch + Energy Drink + Pump + Performance + 16 oz, Single Can",Supplier B,2.62,30
198835322,"Rowdy Energy, Peach Mango, Sugar Free Energy Drink, 16 oz",Supplier B,1.84,7
832385664,"ZOA Energy Drink, Tropical Punch, Zero Sugar, 16 Fl oz.",Supplier A,2.05,14
647949975,VOOZ Wyldin Watermelon 16oz 12pk,Supplier A,1.83,7
613718179,"Java Monster Nitro Cold Brew Latte, Coffee + Energy Drink, 13.5 fl oz",Supplier B,2.48,21
330320111,"Bang Keto Coffee Mocha Madness High Protein Energy Drink, 15 oz Can",Supplier D,3.68,7
335496439,"Monster Zero Ultra, 12 fl oz, 6 Pack",Supplier A,9.45,7
939427234,"ZOA Energy Drink, Super Berry, Zero Sugar, 16 Fl oz.",Supplier B,2.22,14
55397853,"Starbucks Doubleshot Energy Mocha Coffee Energy Drink, 11 oz, 4 Pack Cans",Supplier D,6.13,7
22229706,"Red Bull Energy Drink, 20 Fl Oz",Supplier C,4.31,21
13378669,"5-hour ENERGY  Shot, Regular Strength, Berry, 1.93 oz., 6 Count",Supplier C,11.03,21
864274516,BCAA Powder - Evlution Nutrition Pre Workout BCAA Energy Powder 30 Servings - EVL BCAA Amino Acids Endurance & Muscle Recovery Drink - Fruit Punch Flavor with Vitamin B12 & Vitamin C,Supplier A,15.55,21
28498163,"5-hour ENERGY Shot, Extra Strength, Berry, 1.93 oz",Supplier B,3.54,21
260724783,"Java Monster Nitro Cold Brew Sweet Black, Coffee + Energy Drink, 13.5 fl oz",Supplier C,2.46,30
17056922,"Red Bull Energy Drink, 8.4 Fl Oz",Supplier B,2.31,30
175103532,"CELSIUS Essential Energy Drink 12 Fl Oz, Peach Mango Green Tea (Single)",Supplier C,2.0,7
618800224,"Stacker 2 B12 10,000% Energy Shot Acai Pomegranate, 2 fl oz, 6 count",Supplier A,6.45,14
10403376,"Monster Energy Lo-Carb, Energy Drink, 16 fl oz",Supplier C,2.26,21
820594967,"Kill Cliff Ignite Flaming Joe, 12oz CLEAN ENERGY DRINK",Supplier D,3.18,30
149062643,"Redline Xtreme Blue Razz, 4 ct",Supplier B,9.32,7
16821302,"vitaminwater xxx, electrolyte enhanced water w/ vitamins, aai-blueberry-pomegranate drink, 20 fl oz",Supplier C,1.53,14
969870470,"Reign Total Body Fuel, Orange Dreamsicle, Performance Energy Drink, 16 fl oz, 4 Pack",Supplier B,7.18,14
46461874,"neuroSONIC | Superfruit Infusion | Functional Beverage for Focused Energy, 14.5 Fl. Oz.",Supplier B,2.14,14
10316264,"Red Bull Energy Drink, Sugar Free, 8.4 Fl Oz",Supplier D,2.54,30
17018124,"Pedialyte Electrolyte Powder, Electrolyte Drink, Variety Pack, Powder Sticks, 0.3 oz, 8 Count",Supplier A,7.78,14
15567258,"vitaminwater energy electrolyte enhanced water w/ vitamins, tropical citrus drink, 20 fl oz",Supplier C,1.2,21
768892882,"Suja Organic Vitamin D and Zinc Shot with Reishi & Probiotics, 1.7 FL OZ.",Supplier A,2.66,7
23382650,"Eternal Energy Premium Energy Shot, Grape, 1.93 fl oz, 6 Count",Supplier A,3.87,21
265275623,Bang Shot Peach Mango 4PK,Supplier C,7.33,21
376005549,"Bucked Up Energy Drink, Low Stim Pink Lemonade, 16 fl oz, 100 mg Caffeine",Supplier B,2.13,7
405156887,"5-hour ENERGY Shot, Extra Strength, Grape, 1.93 oz, 15 Count",Supplier A,39.23,30
281135552,Cobram Estate Australia Select Extra Virgin Olive Oil 375ml,Supplier A,11.95,7
13281336,"Colavita Premium Selection Extra Virgin Olive Oil, 25.5 Fluid Ounce",Supplier C,15.45,21
26543478,"5-hour ENERGY Shot, Extra Strength, Grape, 1.93 oz, 6 Count",Supplier C,11.42,30
573929136,"5-hour ENERGY  Shot, Extra Strength, Blue Raspberry, 1.93 oz, 15 Count",Supplier C,38.01,7
375290020,BCAA Powder - Evlution Nutrition Pre Workout BCAA Energy Powder 30 Servings - EVL BCAA Amino Acids Endurance & Muscle Recovery Drink - Blue Raz Flavor with Vitamin B12 & Vitamin C,Supplier D,14.77,14
116736506,"Roland Hot Chili Oil, 6.2 fl oz",Supplier A,5.87,30
256691501,"5-hour ENERGY  Shot, Extra Strength, Peach Mango, 1.93 oz, 15 Count",Supplier D,36.33,21
486280096,Cobram Estate California Select Extra Virgin Olive Oil 375ml,Supplier C,9.26,14
436351654,"Terra Verde, Garlic& Basil Pasta Oil, 250ml",Supplier D,5.99,21
816513671,"California Olive Ranch Avocado Blend Extra Virgin Olive Oil, 25.4 fl oz",Supplier B,17.71,14
273110978,"MiO Vitamins Orange Tangerine Sugar Free Water Enhancer with 2X More, 3.24 fl oz Big Bottle",Supplier D,5.47,30
347689715,"MiO Energy Black Cherry Sugar Free Water Enhancer with 2X More, 3.24 fl oz Big Bottle",Supplier B,6.12,14
50838412,"Bari Extra Virgin California Organic Olive Oil, 500 ml",Supplier A,8.6,7
194236251,LIFEAID FITAID CITRUS 4-Pack,Supplier B,8.44,30
22234389,"Star Extra Virgin Olive Oil Value Pack, 1.5 Liter",Supplier A,16.13,21
775614262,"Great Value Blue Raspberry Drink Enhancer, 3.1 fl oz",Supplier D,4.28,21
15673685,"Red Bull Energy Drink, Sugar Free, 16 Fl Oz",Supplier B,4.31,14
10533368,"Star Fine Foods Star Special Reserve Olive Oil, 17 oz",Supplier B,7.36,7
891026537,Candy & Baking Flavoring .125Oz 3/Pkg-Summer Fruit-Blueberry/Raspberry/Pineapl,Supplier A,3.56,7
13908629,"Star Fine Foods Star Olive Oil, 16.9 oz",Supplier A,6.19,7
55504275,"Family Foods Family Sesame Oil, 6 oz",Supplier D,2.5,7
151201587,Momoya Karasode Karakunai Layu 3.87 oz (110 g),Supplier A,6.39,7
177236407,Kadoya Sesame Oil Pure,Supplier B,3.52,30
117747447,"California Olive Ranch Reserve Arbosana Extra Virgin Olive Oil, 16.9 fl oz",Supplier C,21.05,21
303103090,"S&B Layu Chili Oil with Peppers, 1.11 oz",Supplier A,2.66,14
185795449,"Star First Harvest, Extra Virgin Olive Oil, 16,9 fl oz",Supplier D,7.91,7
100129015,"California Olive Ranch Reserve Arbequina Extra Virgin Olive Oil, 16.9 fl oz",Supplier B,19.79,21
42522535,"Bragg Organic Unrefined Unfiltered Extra Virgin Olive Oil, 32 fl oz",Supplier C,23.14,30
10316267,"Red Bull Energy Drink, 8.4 Fl Oz (12 pack)",Supplier A,22.07,14
10316265,"Red Bull Energy Drink, 8.4 Fl Oz (4 pack)",Supplier B,7.4,7
581272641,"Monster Energy Green, Original, 16 fl oz, 12 Pack",Supplier D,21.93,14
327540518,"Reign Total Body Fuel, Reignbow Sherbet, Performance Energy Drink, , 16 fl oz",Supplier B,2.17,21
133420052,"Tenderbird Frozen Chicken Wing Sections, 3 lb (Frozen)",Supplier A,13.99,21
23598242,"V8 +ENERGY Orange Pineapple Energy Drink, 8 FL OZ Can (Pack of 6)",Supplier D,4.34,14
133257890,"V8 +ENERGY Pomegranate Blueberry Energy Drink, 8 FL OZ Can (Pack of 12)",Supplier D,11.64,21
212424522,"Smithfield Extra Meaty Fresh Pork Back Ribs, 2.1 - 3.8 lb",Supplier D,8.5,21
118445796,"NOS High Performance Energy Drink, Original, 16 fl oz, 8 Pack",Supplier B,11.73,21
816409398,Koch Foods Chicken Wing Sections 3 lb (Frozen),Supplier B,20.24,14
10316266,"Red Bull Energy Drink, 12 Fl Oz (4 pack)",Supplier C,11.13,7
394935847,"Monster Energy Zero Ultra, Sugar Free Energy Drink, 16 fl oz, 12 Pack",Supplier B,24.15,30
21553590,"Beef Choice Angus Ribeye Steak, 1.5 - 2.6 lb",Supplier A,18.73,14
493786197,"Red Bull Energy Drink, Watermelon, 12 Fl Oz (4 pack)",Supplier B,11.66,30
286986483,"Fresh Cooked Large Peeled, Deveined, Tail-On Shrimp, 1 lb (31-40 Count per lb)",Supplier B,14.08,21
302496406,"Alani Nu Sugar-Free Energy Drink, Limited Edition Flavor Rocket Pop, 12 fl oz",Supplier A,2.32,30
512809981,"Sam's Choice 100% Angus Beef Burgers, 12ct, 4lb (Frozen)",Supplier A,14.68,21
10534634,"Monster Energy Green, Original, Energy Drink, 16 fl oz, 4 Pack",Supplier A,5.95,7
12018563,"Java Monster Mean Bean, Coffee + Energy Drink, 15 Fl Oz",Supplier D,2.63,30
19593627,"Butterball All Natural Fresh 85%/15% Lean Ground Turkey, 1.25 lbs.",Supplier C,6.69,21
129668810,"V8 +ENERGY Peach Mango Energy Drink, 8 FL OZ Can (Pack of 12)",Supplier A,8.4,30
10804578,"Great Value Beef Burgers, 75% Lean/25% Fat, 32 Count, 8 lb (Frozen)",Supplier C,22.8,7
615734763,Alani Energy Drink-breezeberry-12oz,Supplier C,2.09,14
10316095,"Johnsonville Mild Italian Pork Sausage Links, 5 Count",Supplier A,6.7,21
700224899,"Red Bull Energy Drink, Dragon Fruit, 12 Fl Oz",Supplier A,3.45,30
489714251,"Monster Ultra Variety Pack, Ultra Watermelon + Ultra Paradise 16 fl oz, Pack of 12",Supplier C,18.78,21
25294820,Butterball All Natural Lean Turkey Drumsticks,Supplier C,7.91,21
44676662,"V8 +ENERGY Black Cherry Energy Drink, 8 FL OZ Can (Pack of 6)",Supplier B,6.4,30
10316091,"Johnsonville Original Bratwurst, Pork Sausage Links, 5 Count, 19 oz.",Supplier A,6.59,21
12018560,"Monster Energy Green, Original, Energy Drink, 16 fl oz",Supplier C,2.07,14
36742296,"Monster Energy Zero Ultra, Sugar Free Energy Drink, 16 fl oz, 4 Pack",Supplier A,8.15,7
949906404,"Sam's Choice Cooked Medium Shrimp Cocktail Ring with Sauce, 16 oz",Supplier C,9.63,7
509370349,"Red Bull Energy Drink, Dragon Fruit, 12 Fl Oz (4 pack)",Supplier C,12.75,21
961495110,"All Natural* 80% Lean/20% Fat Ground Beef Patties, 2.25 lb",Supplier B,11.05,30
12018772,"Red Bull Energy Drink, 12 Fl Oz",Supplier A,2.26,30
12018770,"Red Bull Energy Drink, Sugar Free, 8.4 Fl Oz (4 Pack)",Supplier D,8.43,30
36618723,"Great Value Chicken Wing Sections, 4 lb (Frozen)",Supplier D,16.74,14
19766232,"V8 +ENERGY Pomegranate Blueberry Energy Drink, 8 FL OZ Can (Pack of 6)",Supplier C,4.42,7
752142301,"Latitude 45 Smoke Roasted Atlantic Salmon Trio Pack, 12 oz",Supplier C,16.52,30
46535268,"Rockstar Punched Fruit Punch Energy Drink, 16 oz, 4 Pack Cans",Supplier D,5.05,21
158080429,"Red Bull Energy Drink, Blueberry, 12 Fl Oz (4 pack)",Supplier D,11.13,7
23810505,"Great Value Frozen Cooked Colossal, Peeled & Deveined Tail-On Shrimp, 12 oz (16-22 count per lb)",Supplier D,13.04,7
105255813,"Red Bull Energy Drink, Tropical, 12 Fl Oz (4 pack)",Supplier A,12.04,30
358227780,"All Natural* 85% Lean/15% Fat Angus Steak Burgers 12 Count, 4 lb",Supplier B,22.39,30
10316268,"Red Bull Energy Drink, Sugar Free, 8.4 Fl Oz (12 Pack)",Supplier A,17.89,7
778093902,"Juice Monster Mango Loco, Energy + Juice, 16 fl oz, 12 Pack",Supplier A,24.15,14
22700527,"Great Value Frozen Cooked Medium Peeled & Deveined Tail-on Shrimp, 12 oz (41-60 Count per lb)",Supplier C,7.23,7
363298130,"Rockstar Sugar Free Energy Drink, 16 fl oz",Supplier D,2.03,21
887705275,"All Natural* 80% Lean/20% Fat Ground Beef Patties 12 Count, 4 lb",Supplier D,21.62,7
890955200,"Mtn Dew Energy, Strawberry Melon Spark, 16 oz can",Supplier A,2.23,14
49866133,"Great Value Frozen Cooked Extra Large Peeled & Deveined, Tail-on Shrimp, 12 oz (26-30 count per lb)",Supplier C,7.0,7
116711501,"Juice Monster Pipeline Punch, Energy + Juice, 16 fl oz, 4 Pack",Supplier A,8.46,14
298640547,"Mtn Dew Energy, Orange Breeze,16 oz can",Supplier B,2.53,30
27935840,"Freshness Guaranteed Boneless Chicken Breasts Family Pack, 4.7 - 6.25 lb",Supplier B,14.27,7
44391270,Mountain Dew Kickstart Orange Citrus Energizing Juice 16 oz Can,Supplier A,1.51,30
10315960,"Great Value Beef Burgers, 80% Lean/20% Fat, 3 lbs, 12 Count (Frozen)",Supplier D,11.23,7
35067449,Mountain Dew Kickstart Black Cherry Energizing Juice 16 oz Can,Supplier D,1.46,30
12018564,"Java Monster Loca Moca, Coffee + Energy Drink, 15 Fl Oz",Supplier A,2.36,7
930351681,"Beef Choice Angus Sirloin Tender Steak, 0.6 - 1.62 lb",Supplier B,11.66,30
288817357,Alani Energy Drink-cosmic Stardust-12oz,Supplier D,2.27,7
604870267,"All Natural* 85% Lean/15% Fat Angus Ground Beef Burgers 4 Count, 1.33 lb",Supplier D,9.29,7
203223135,"Mtn Dew Energy, Pomegranate Blue Burst,16 oz can",Supplier D,2.14,14
791288879,"Great Value Frozen Raw Large Peeled & Deveined, Tail-off Shrimp, 2 lb (31-40 Count per lb)",Supplier D,12.24,30
342290125,"Java Monster Mean Bean, Coffee + Energy Drink, 11 fl oz, 6 Pack",Supplier D,11.6,21
19766233,"V8 +ENERGY Peach Mango Energy Drink, 8 FL OZ Can (Pack of 6)",Supplier A,5.17,21
44391099,"Great Value Peeled Tail on Extra Large Shrimp, 12 Oz (Frozen)",Supplier C,6.59,30
827143447,"All Natural* 93% Lean/7% Fat Ground Beef Burgers 4 Count, 1 lb",Supplier C,7.33,14
10315961,"Great Value Beef Burgers, 85% Lean/15% Fat, 12 Count, 3 lbs (Frozen)",Supplier D,14.51,14
896766595,"Fresh Atlantic Salmon Portions, 0.70 - 1.1 lbs",Supplier A,8.01,21
167493782,"All Natural* 80% Lean/20% Fat Ground Beef Chuck Burgers 4 Count, 1.33 lb",Supplier C,7.23,21
10316093,"Johnsonville Beer Bratwurst, Pork Sausage Links, 5 Count, 19 oz.",Supplier B,6.84,21
51259038,"Beef Choice Angus Ribeye Steak Thin, 0.43 - 1.68 lb",Supplier B,18.56,21
10315840,"Sam's Choice Angus Bacon & Aged Cheddar Beef Patties, 6 Count, 2 lb (Frozen)",Supplier A,9.32,21
667385622,"Beef Choice Angus New York Strip Steak Family Pack, 1.53 - 2.63 lb",Supplier D,21.56,14
10315842,"Sam's Choice 100% Angus Beef Burgers, 6 Count, 2lb (Frozen)",Supplier C,12.72,30
319841736,"Beef Choice Angus Ribeye Steak Family Pack, 2.26 - 3.15 lb",Supplier B,35.46,14
805059635,"Fresh Atlantic Salmon Fillets, 1.90 - 2.30 lb",Supplier D,26.68,14
377356856,"Impossible Plant Based Ground, Brick, 12oz",Supplier C,5.31,7
55490173,"Great Value Frozen Raw Super Colossal Shell-on Tail-on Easy Peel Shrimp, 16 oz (13-15 count per lb)",Supplier D,11.12,7
17177028,"Butterball Original Seasoned Frozen Turkey Burgers, 1/3 lb. Patties, 2 lb. Package",Supplier A,11.31,21
10315840,"Sam's Choice Angus Bacon & Aged Cheddar Beef Patties, 6 Count, 2 lb (Frozen)",Supplier A,11.74,14
667385622,"Beef Choice Angus New York Strip Steak Family Pack, 1.53 - 2.63 lb",Supplier A,26.2,14
10315842,"Sam's Choice 100% Angus Beef Burgers, 6 Count, 2lb (Frozen)",Supplier D,10.28,7
319841736,"Beef Choice Angus Ribeye Steak Family Pack, 2.26 - 3.15 lb",Supplier A,27.15,30
805059635,"Fresh Atlantic Salmon Fillets, 1.90 - 2.30 lb",Supplier B,27.79,21
377356856,"Impossible Plant Based Ground, Brick, 12oz",Supplier B,6.12,14
55490173,"Great Value Frozen Raw Super Colossal Shell-on Tail-on Easy Peel Shrimp, 16 oz (13-15 count per lb)",Supplier A,9.05,30
17177028,"Butterball Original Seasoned Frozen Turkey Burgers, 1/3 lb. Patties, 2 lb. Package",Supplier A,15.47,21
312904055,"Beef Choice Angus Flat Iron Steak, 0.45 - 0.9 lb",Supplier A,7.96,30
44180347,"Beef Choice Angus T-Bone Steak Bone-In, 0.53 - 2.23 lb",Supplier C,15.44,30
957733881,"Beyond Meat Burger Patties, 2 Count, 0.5 lb (Fresh)",Supplier D,3.93,21
985000295,"Prime Rib Beef Steak Burger Patties 4 Count, 1.33 lb",Supplier C,9.46,30
298640547,"Mtn Dew Energy, Orange Breeze,16 oz can",Supplier C,2.06,7
22583003,"Butterball Sweet Onion Frozen Turkey Burgers, 1/3 lb. Patties, 2 lb. Package",Supplier A,13.05,7
44391270,Mountain Dew Kickstart Orange Citrus Energizing Juice 16 oz Can,Supplier A,1.84,7
44391337,"Beef Choice Angus New York Strip Steak Thin, 0.54 - 1.56 lb",Supplier C,17.05,7
35067449,Mountain Dew Kickstart Black Cherry Energizing Juice 16 oz Can,Supplier B,1.45,30
12018564,"Java Monster Loca Moca, Coffee + Energy Drink, 15 Fl Oz",Supplier B,2.39,7
51259086,"Beef Choice Angus Filet Mignon, 0.16 - 0.9 lb",Supplier D,12.23,14
288817357,Alani Energy Drink-cosmic Stardust-12oz,Supplier A,3.15,7
152363986,"Sam's Choice Frozen Wild Caught Mahi-Mahi Fillets, 12 oz",Supplier A,8.44,14
203223135,"Mtn Dew Energy, Pomegranate Blue Burst,16 oz can",Supplier D,2.44,7
342290125,"Java Monster Mean Bean, Coffee + Energy Drink, 11 fl oz, 6 Pack",Supplier A,11.45,30
46500419,"Smithfield St. Louis-Style Fresh Pork Spareribs, 2.1-5.1 lb",Supplier D,13.82,14
19766233,"V8 +ENERGY Peach Mango Energy Drink, 8 FL OZ Can (Pack of 6)",Supplier A,5.32,7
154195279,"Villari Smoked Turkey Wings Cut, 1.6-2.1lbs",Supplier A,5.13,14
46491705,Mountain Dew Kickstart Fruit Punch Energizing Juice 16 oz Can,Supplier A,1.93,7
139075529,"Villari Brothers, Smoked Turkey Drumstick, 1.5-2.2 lb",Supplier B,7.21,30
135996869,"Bang Keto Coffee Cookies & Cream Craze High Protein Energy Drink, 15 oz Can",Supplier B,3.7,30
785680370,"Red Bull Energy Drink, Watermelon, 12 Fl Oz",Supplier C,3.46,21
178397082,"Great Value Frozen Raw Jumbo Shrimp, 12 oz (21-25 Count per lb)",Supplier A,7.07,21
45733428,"Red Bull Energy Drink, Tropical, 12 Fl Oz",Supplier C,3.47,7
178881423,"Beef Choice Angus Flank Steak, 1.34 - 2.28 lb",Supplier A,12.64,30
935589628,"Rockstar Punched Fruit Punch Energy Drink, 16 oz Can",Supplier B,2.4,30
14944717,"Rockstar Original Energy Drink, 16 oz, 4 Pack Cans",Supplier B,5.89,14
950378950,"Smithfield Fresh Pork Spareribs, 3.7 - 7.9 lb",Supplier A,16.88,7
120890969,"Red Bull Energy Drink, Peach, 12 Fl Oz",Supplier A,3.27,30
35192960,"Sam's Choice Frozen Ahi Tuna Steaks, 16 Oz",Supplier A,9.28,30
292025844,"Bang Blue Razz Energy Drink with Super Creatine, 16 oz Can",Supplier C,1.94,21
14532503,"Starbucks Doubleshot Energy Vanilla Coffee Energy Drink, 15 oz Can",Supplier C,3.37,21
105413616,"Great Value Beer 'n Bratwurst, 5 Links, 1 lb 3 oz (Fresh)",Supplier A,6.5,21
789969432,"Red Bull Energy Drink, Coconut Berry, 12 Fl Oz",Supplier C,3.07,14
834772435,"Fresh Wild Caught Tuna Steaks, 0.65 - 0.75 lb",Supplier D,7.35,7
830568074,Mtn Dew Energy Drink Pomegranate Blue Burst Blueberry Pomegranate 16 Fl Oz 4 Count Cans,Supplier D,7.14,21
51259029,"Beef Choice Angus Ribeye Steak Thick, 0.81 - 1.47 lb",Supplier B,17.8,30
147922155,"Rockstar Recovery Orange with Electrolytes Energy Drink, 16 oz Can",Supplier D,2.3,30
541865901,"Monster Energy Lo-Carb, Energy Drink, 16 fl oz, 12 Pack",Supplier C,22.96,21
215353068,"Pork Center Cut Loin Chops Thick Bone-In Family Pack, 2.8 - 4.2 lb",Supplier A,13.93,14
10533125,"Red Bull Energy Drink, Sugar Free, 12 Fl Oz (4 Pack)",Supplier A,10.96,14
45733432,"Red Bull Energy Drink, Blueberry, 12 Fl Oz",Supplier D,2.66,7
378057358,Starbucks Zero Sugar Coffee Drink Tripleshot Energy Chocolate 15 Fluid Ounce,Supplier A,2.66,30
608101554,"Alani Nu Sugar-Free Energy Drink, Cosmic Stardust, 12 oz Cans (Pack of 6)",Supplier B,15.93,21
592611238,"Starbucks Tripleshot Energy Mocha Extra Strength Coffee Energy Drink, 15 oz Can",Supplier C,3.11,21
36716922,"Monster Zero Ultra, 16 fl oz",Supplier B,2.0,14
108931301,"CELSIUS Essential Energy Drink 12 Fl Oz, Sparkling Orange (Single)",Supplier B,2.11,30
483179684,"CELSIUS Essential Energy Drink 12 Fl Oz, Sparkling Kiwi Guava (Single Can)",Supplier A,1.65,30
51871252,"Java Monster Salted Caramel, Coffee + Energy Drink, 15 fl oz",Supplier B,2.59,21
413214729,"Rockstar Original Energy Drink, 16 fl oz",Supplier C,2.19,7
974614417,"CELSIUS Essential Energy Drink 12 Fl Oz, Sparkling Watermelon (Single Can)",Supplier D,2.08,30
21048453,"Starbucks Doubleshot Energy White Chocolate Coffee Energy Drink, 15 oz Can",Supplier D,3.43,30
123527363,"NOS High Performance Energy Drink, 16 fl oz",Supplier D,2.47,21
554178741,"Starbucks Tripleshot Energy Caramel Extra Strength Coffee Energy Drink, 15 oz Can",Supplier C,2.75,21
126229248,Starbucks Tripleshot Energy Zero Sugar Vanilla Extra Strength Coffee Energy Drink 15 oz Can,Supplier B,3.62,30
584597220,"Starbucks Tripleshot Energy French Vanilla Extra Strength Coffee Energy Drink, 15 oz Can",Supplier D,3.39,14
10533124,"Red Bull Energy Drink, Sugar Free, 12 Fl Oz",Supplier B,2.38,14
14532501,"Starbucks Doubleshot Energy Mocha Coffee Energy Drink, 15 oz Can",Supplier A,2.52,14
22210629,"POWERADE Zero Sugar Fruit Punch, ION4 Electrolyte Enhanced Fruit Flavored Zero Sugar Zero Calorie Sports Drink, 20 fl oz, 8 Pack",Supplier C,5.35,7
14532501,"Starbucks Doubleshot Energy Mocha Coffee Energy Drink, 15 oz Can",Supplier A,2.94,14
22210629,"POWERADE Zero Sugar Fruit Punch, ION4 Electrolyte Enhanced Fruit Flavored Zero Sugar Zero Calorie Sports Drink, 20 fl oz, 8 Pack",Supplier A,4.61,30
613718179,"Java Monster Nitro Cold Brew Latte, Coffee + Energy Drink, 13.5 fl oz",Supplier C,2.54,21
330320111,"Bang Keto Coffee Mocha Madness High Protein Energy Drink, 15 oz Can",Supplier D,4.42,14
55397853,"Starbucks Doubleshot Energy Mocha Coffee Energy Drink, 11 oz, 4 Pack Cans",Supplier D,7.45,14
864274516,BCAA Powder - Evlution Nutrition Pre Workout BCAA Energy Powder 30 Servings - EVL BCAA Amino Acids Endurance & Muscle Recovery Drink - Fruit Punch Flavor with Vitamin B12 & Vitamin C,Supplier B,19.46,14
260724783,"Java Monster Nitro Cold Brew Sweet Black, Coffee + Energy Drink, 13.5 fl oz",Supplier A,2.21,14
17056922,"Red Bull Energy Drink, 8.4 Fl Oz",Supplier C,2.55,7
618800224,"Stacker 2 B12 10,000% Energy Shot Acai Pomegranate, 2 fl oz, 6 count",Supplier D,4.86,30
16821302,"vitaminwater xxx, electrolyte enhanced water w/ vitamins, aai-blueberry-pomegranate drink, 20 fl oz",Supplier D,1.19,21
17018124,"Pedialyte Electrolyte Powder, Electrolyte Drink, Variety Pack, Powder Sticks, 0.3 oz, 8 Count",Supplier D,8.6,30
15567258,"vitaminwater energy electrolyte enhanced water w/ vitamins, tropical citrus drink, 20 fl oz",Supplier A,1.69,30
23382650,"Eternal Energy Premium Energy Shot, Grape, 1.93 fl oz, 6 Count",Supplier B,3.97,14
405156887,"5-hour ENERGY Shot, Extra Strength, Grape, 1.93 oz, 15 Count",Supplier A,27.26,7
26543478,"5-hour ENERGY Shot, Extra Strength, Grape, 1.93 oz, 6 Count",Supplier C,13.09,21
573929136,"5-hour ENERGY  Shot, Extra Strength, Blue Raspberry, 1.93 oz, 15 Count",Supplier D,34.78,14
375290020,BCAA Powder - Evlution Nutrition Pre Workout BCAA Energy Powder 30 Servings - EVL BCAA Amino Acids Endurance & Muscle Recovery Drink - Blue Raz Flavor with Vitamin B12 & Vitamin C,Supplier C,23.04,7
256691501,"5-hour ENERGY  Shot, Extra Strength, Peach Mango, 1.93 oz, 15 Count",Supplier B,36.19,30
273110978,"MiO Vitamins Orange Tangerine Sugar Free Water Enhancer with 2X More, 3.24 fl oz Big Bottle",Supplier B,7.14,30
347689715,"MiO Energy Black Cherry Sugar Free Water Enhancer with 2X More, 3.24 fl oz Big Bottle",Supplier A,5.15,7
775614262,"Great Value Blue Raspberry Drink Enhancer, 3.1 fl oz",Supplier C,3.62,30
824027042,"Bang Keto Coffee Chocolate Peanut Butter High Protein Coffee Energy Drink, 15 oz Can",Supplier D,3.71,21
28498194,"5-Hour Energy Shot, Extra Strength, Grape, 1.93 oz",Supplier A,3.34,7
317665733,"A SHOC Accelerator Island Guava Smart Energy Drink, 12 Fl Oz Can",Supplier C,1.96,7
10416088,"Great Value Sugar-Free Lemonade Drink Mix, 0.53 Oz., 6 Count",Supplier A,2.78,30
14089648,"5-hour ENERGY Shot, Extra Strength, Berry, 1.93 oz, 6 Count",Supplier C,16.39,30
55397854,"Starbucks Doubleshot Energy Vanilla Coffee Energy Drink, 11 oz, 4 Pack Cans",Supplier C,6.47,7
907361253,"5-hour ENERGY Shot, Extra Strength, Berry, 1.93 oz, 15 Count",Supplier B,32.9,30
28498163,"5-hour ENERGY Shot, Extra Strength, Berry, 1.93 oz",Supplier D,3.78,21
10452470,"Clear American Peach Sparkling Water, 33.8 fl oz",Supplier C,0.68,7
10452473,"Clear American Black Cherry Sparkling Water, 33.8 fl oz",Supplier A,0.81,14
108958848,"Clear American Sparkling Water, Blackberry Lemonade, 33.8 fl oz",Supplier C,0.79,7
10453153,"Clear American Sparkling Water, Wild Cherry, 33.8 fl oz",Supplier A,0.61,7
842070498,"Clear American Cherry Lime Raspberry Sparkling Water, 33.8 Fl Oz, Bottle",Supplier B,0.84,30
35592632,"Clear American Fuji Apple Sparkling Water, 33.8 fl oz",Supplier C,0.87,14
734386776,"Clear American Sparkling Water, Cherry Vanilla, 33.8 fl oz",Supplier B,0.64,30
463557731,"Clear American Sparkling Water, Tangerine Mango, 33.8 fl oz",Supplier D,0.86,14
10453152,"Clear American Sparkling Water, Mandarin Orange, 33.8 fl oz",Supplier B,0.59,14
41862625,"Clear American Sparkling Water, Key Lime 33.8 fl oz",Supplier B,0.65,14
10452357,"Clear American Sparkling Water, Strawberry, 33.8 fl oz",Supplier B,0.61,7
50280115,"Clear American Sparkling Water, Orange & Cream, 33.8 fl oz",Supplier B,0.62,7
329587316,"Clear American Cotton Candy Sparkling Water, 33.8 Fl Oz, Bottle",Supplier C,0.74,30
47197223,"Clear American Sparkling Water, Cherry Limeade, 12 fl Oz, 12 Count",Supplier B,3.37,14
42132281,"Clear American Black Cherry Sparkling Water, 12 Fl Oz, 12 Pack Cans",Supplier D,3.44,21
24034028,"Clear American Cherry Limeade Sparkling Water, 33.8 fl oz",Supplier C,0.8,21
42068049,"Clear American Strawberry Sparkling Water, 12 Fl Oz, 12 Pack Cans",Supplier B,4.05,21
217072817,"LaCroix Sparkling Water, LimonCello 8pk/ 12 fl oz",Supplier B,4.23,7
42068050,"Clear American Sparkling Water, Peach, 12 fl oz, 12 Count",Supplier B,4.89,30
42118172,"Clear American Mandarin Orange Sparkling Water, 12 fl oz, 12 Count",Supplier D,4.0,30
36333049,"LaCroix Sparkling Water, Lime 8Pk/12Oz",Supplier D,3.74,30
42068051,"Clear American Pineapple Coconut Sparkling Water, 12 Fl Oz, 12 Pack Cans",Supplier A,3.88,7
925850848,"AHA Sparkling Water, Pineapple + Passionfruit Flavored Water, Zero Calories, Sodium Free, No Sweeteners, 12 fl oz, 8 Pack",Supplier D,3.87,7
202482859,"AHA Sparkling Water, Blackberry + Lemon Flavored Water, Zero Calories, Sodium Free, No Sweeteners, 12 fl oz, 8 Pack",Supplier A,3.39,7
111903391,"Clear American Unsweetened Lime Sparkling Water, 12 Fl Oz, 12 Pack Cans",Supplier A,4.71,30
948020632,"bubly Blackberry Flavored Sparkling Water, 12 oz, 8 Pack Cans",Supplier A,3.81,14
579022868,"bubly Strawberry Flavored Sparkling Water, 12 oz, 8 Pack Cans",Supplier D,2.8,21
138409196,"AHA Sparkling Water, Blueberry Pomegranate Flavored Water, Zero Calories, Sodium Free, No Sweeteners, 12 fl oz, 8 Pack",Supplier D,3.42,21
45726041,"LaCroix Sparkling Water, Razz- Cranberry 8Pk/12Oz",Supplier D,4.51,21
618205718,"Sparkling Ice Variety Pack, 17 Fl Oz, 12 Count (Grape Raspberry, Strawberry Watermelon, Classic Lemonade, Lemon Lime)",Supplier C,10.89,21
807698057,"bubly Summer Coconut Pineapple Sparkling Water, 12 Fl Oz, 8 Pack Cans",Supplier A,3.48,21
41578529,"Sparkling Ice Variety Pack, 17 Fl Oz, 12 Count (Black Raspberry, Cherry Limeade, Orange Mango, Kiwi Strawberry)",Supplier C,11.73,21
133208958,"AHA Sparkling Water, Lime + Watermelon Flavored Water, Zero Calories, Sodium Free, No Sweeteners, 12 fl oz, 8 Pack",Supplier D,4.36,21
133272692,"Clear American Unsweetened Blackberry Sparkling Water, 12 fl oz, 12 Count",Supplier A,4.91,7
128979268,"LaCroix Tangerine Sparkling Water - 8pk/12 fl oz Cans, 8 / Pack (Quantity)",Supplier D,3.49,14
220279687,"bubly Lime Flavored Sparkling Water, 12 oz, 8 Pack Cans",Supplier D,4.08,30
36361306,"Ready-to-Drink - Grapefruit - 12 fl oz (355 mL) - Can - 8 / Pack / Can, 8 / Pack (Quantity)",Supplier D,4.44,30
36325236,Sprkilng Water Can Pure,Supplier D,4.09,21
101461729,"LaCroix Passionfruit Sparkling Water, 12 Fl Oz, 8 Count Cans",Supplier A,3.45,30
44391331,"Sparkling Ice Naturally Flavored Sparkling Water, Strawberry Watermelon 17 Fl Oz",Supplier A,1.34,7
292306767,"REESE'S, THiNS Dark Chocolate Peanut Butter Cups Candy, Individually Wrapped, 3.1 oz, Bag",Supplier A,2.72,21
533799481,"Lily's Sour Gummy Worms, Tart 'N Tasty Fruit Flavors, 1.8 oz",Supplier D,3.49,21
834753862,"Lily's Gummy Bears Sweet Fruity Friends, 1.8oz",Supplier A,3.85,14
10452223,"YORK Peppermint Patties Dark Chocolate Sugar Free Candy, Individually Wrapped, 3 oz, Bag",Supplier D,3.69,7
257827854,Snickers Dark Chocolate Almond Brownie Chocolate Candy Fun Size - 6.93oz,Supplier D,4.37,14
52810177,"Albanese Sugar Free Fat Free Gluten Free 12 Flavor Gummi Bears, 3.5 oz",Supplier C,1.88,7
763670099,"Sam's Choice Swiss Dark Chocolate with Sea Salt Caramel, 3.5 oz",Supplier A,1.93,21
10533782,"Russell Stover Sugar Free Coconut with Stevia  Sweet Coconut in Chocolate Candy, 3 oz. Bag",Supplier B,1.97,7
10448112,"Werthers Original Hard Caramel Candy, 5.5 Oz",Supplier A,3.13,7
10533778,"Russell Stover Sugar Free Peanut Butter Cups with Stevia, 3 oz. Bag",Supplier C,1.94,7
12444379,"Russell Stover Sugar Free Strawberry Cream with Stevia, 3 oz. Bag",Supplier B,2.18,30
36365399,"barkTHINS Dark Chocolate Pretzel with Sea Salt, 4.7 oz.",Supplier D,5.03,30
10535688,"TWIZZLERS Twists Strawberry Flavored Sugar Free Chewy Candy, Low Fat, 5 oz, Bag",Supplier D,2.79,30
927312971,"Russell Stover Sugar Free Peanuts, Caramel & Nougat Chocolate Candy, 3 oz",Supplier C,2.64,21
45589859,"GHIRARDELLI Intense Dark Chocolate Bar, Raspberry, 3.5 Oz Bar",Supplier B,3.04,30
927645419,"Great Value Dark Chocolate Bar, 3.52 oz",Supplier C,0.83,21
10321262,"Bob's Sugar-Free Starlight Mints Peppermint Candy, 6 Oz.",Supplier D,2.13,21
10535652,"HERSHEY'S Sugar Free Chocolate Candy Bars, Individually Wrapped, 3 Oz Bag",Supplier C,3.03,30
185754972,"M&M's Dark Chocolate Mint Candy, Sharing Size - 9.6 oz Bag",Supplier D,3.82,7
184630560,"Sam's Choice 72% Cocoa Swiss Dark Chocolate, 3.5 oz",Supplier A,2.54,14
742843533,"Sam's Choice 90% Cocoa Swiss Dark Chocolate, 3.5 oz",Supplier D,1.89,21
10535656,"JOLLY RANCHER Zero Sugar Assorted Fruit Flavored Hard Candy, Individually Wrapped, 3.6 oz, Bag",Supplier B,3.57,7
10533777,"Russell Stover Sugar Free Milk Chocolate Pecan Delights with Stevia, 3 oz. Bag",Supplier C,2.02,7
935036043,Unreal Dark Chocolate Coconut Bars,Supplier C,6.09,21
584940638,"Werthers Original Hard Sugar Free Assorted Flavors, Caramel Coffee, Caramel Chocalate, Caramel Candy 7.7 Oz",Supplier A,6.74,7
537040935,Dove Promises Mint Swirl Dark Chocolate Candy - 7.61 oz Bag,Supplier C,5.17,14
800345390,"Russell Stover Sugar Free Assortment Chocolate Candy, 17.75 oz",Supplier B,9.21,21
459982763,"SkinnyDipped Dark Chocolate Cocoa Cashews, 3.5 oz",Supplier B,4.73,14
421300821,"Reese's, THiNS Dark Chocolate Peanut Butter Cups Candy, Individually Wrapped, 12.03 oz, Family Pack",Supplier C,5.66,21
36303821,"Barkthins Snacking Chocolate, Dark Chocolate Almond With Sea Salt, 4.7 Oz",Supplier B,4.6,21
10535658,"HERSHEY'S, SPECIAL DARK Zero Sugar Mildly Sweet Chocolate Candy Bars, Individually Wrapped, Aspartame Free, 3 oz, Bag",Supplier D,3.46,21
407369903,Dove Promises Peanut Butter & Dark Chocolate Candy - 7.61 oz Bag,Supplier B,5.19,7
706553894,"Sam's Choice Swiss Dark Chocolate with Almonds, 3.5 oz",Supplier D,2.21,30
346843695,HERSHEYS SPECIAL DARK ZERO SUGAR MILDLY SWEET CHOCOLATES PEG BAG,Supplier D,1.97,7
522435686,"Russell Stover Sugar Free Assorted Caramels with Stevia, 17.85 oz. Bag",Supplier A,11.71,21
572769721,Dove Promises Milk Chocolate Caramel Candy - 7.61 oz Bag,Supplier A,5.25,14
19802662,"Brach's Sugar Free Butterscotch Hard Candy, 3.5 oz",Supplier B,2.23,21
834917873,Dove Promises Sea Salt and Caramel Dark Chocolate Candy - 7.61 oz Bag,Supplier A,4.09,14
138545009,M&M's 50% Cacao Dark Chocolate Candy - 19.2 oz Bag,Supplier B,7.77,21
392335642,"HERSHEY'S, NUGGETS Special Dark Chocolate with Almonds Candy, Share Pack, 10.1 oz, Bag",Supplier B,4.2,21
133208958,"AHA Sparkling Water, Lime + Watermelon Flavored Water, Zero Calories, Sodium Free, No Sweeteners, 12 fl oz, 8 Pack",Supplier B,3.85,21
133272692,"Clear American Unsweetened Blackberry Sparkling Water, 12 fl oz, 12 Count",Supplier B,4.13,14
128979268,"LaCroix Tangerine Sparkling Water - 8pk/12 fl oz Cans, 8 / Pack (Quantity)",Supplier A,3.55,30
220279687,"bubly Lime Flavored Sparkling Water, 12 oz, 8 Pack Cans",Supplier B,2.77,30
36361306,"Ready-to-Drink - Grapefruit - 12 fl oz (355 mL) - Can - 8 / Pack / Can, 8 / Pack (Quantity)",Supplier D,4.55,21
36325236,Sprkilng Water Can Pure,Supplier B,4.25,21
101461729,"LaCroix Passionfruit Sparkling Water, 12 Fl Oz, 8 Count Cans",Supplier A,4.63,7
44391331,"Sparkling Ice Naturally Flavored Sparkling Water, Strawberry Watermelon 17 Fl Oz",Supplier C,1.28,30
10448349,"Great Value Sodium Free Seltzer Water, 33.8 fl oz",Supplier D,0.86,30
45007684,"LaCroix Sparkling Water Curate, Cerise Limn (Cherry Lime) - 8pk/12 fl Oz Cans",Supplier C,4.93,30
100626168,"Clear American Peach Nectar Sparkling Water, 17 Fl Oz, Bottle",Supplier D,0.55,7
665764726,"bubly Raspberry Flavored Sparkling Water, 12 oz, 8 Pack Cans",Supplier B,3.25,7
21268882,"Sparkling Ice Naturally Flavored Sparkling Water, Orange Mango 17 Fl Oz",Supplier A,1.26,30
21268881,"Sparkling Ice Naturally Flavored Sparkling Water, Black Raspberry 17 Fl Oz",Supplier D,1.38,30
20469606,"Sparkling Ice Naturally Flavored Sparkling Water, Coconut Pineapple 17 Fl Oz",Supplier B,1.4,21
164661614,"LaCroix Sparkling Water Curate, Pina Fraise (Pineapple Strawberry) 8pk/12 fl Oz",Supplier A,3.73,7
36334353,"LaCroix Sparkling Water, Coconut - 8pk/12 fl oz",Supplier B,4.64,30
21268883,"Sparkling Ice Naturally Flavored Sparkling Water, Kiwi Strawberry 17 Fl Oz",Supplier B,1.08,21
118063139,"Clear American Unsweetened Strawberry Sparkling Water, 12 Fl Oz, 12 Pack Cans",Supplier D,4.72,30
20469607,"Sparkling Ice Naturally Flavored Sparkling Water, Classic Lemonade 17 Fl Oz",Supplier B,0.88,21
24389332,"Sparkling Ice Naturally Flavored Sparkling Water, Peach Nectarine 17 Fl Oz",Supplier D,0.9,7
10448533,"Great Value Low Sodium Club Soda Sparkling Water, 33.8 Fl Oz, 1 single Bottle",Supplier A,1.0,14
37620516,"Topo Chico Sparkling Mineral Water Glass Bottles, 12 fl oz, 12 Pack",Supplier D,10.79,21
882361749,"LaCroix Sparkling Water, Key Lime 8pk/12 fl Oz",Supplier A,2.57,7
219196815,"AHA Sparkling Water, Orange + Grapefruit Flavored Water, Zero Calories, Sodium Free, No Sweeteners, 12 fl oz, 8 Pack",Supplier A,5.04,7
36326232,"LaCroix Sparkling Water, Lemon 8pk/12 fl Oz",Supplier B,3.37,7
187465445,"Sparkling Ice Naturally Flavored Sparkling Water, Black Raspberry 17 Fl Oz, (Pack of 12)",Supplier D,13.93,14
848519700,"AHA Sparkling Water, Citrus + Green Tea Flavored Water, with Caffeine & Electrolytes, Zero Calories, Sodium Free, No Sweeteners, 12 fl oz, 8 Pack",Supplier D,4.25,21
490194997,"bubly Grapefruit Flavored Sparkling Water, 12 oz, 8 Pack Cans",Supplier B,3.86,14
15716769,"Perrier Sparkling Water, 16.9 FL OZ Plastic Water Bottles (6 Count) 101.4 fl oz",Supplier C,5.62,21
47370570,SANPELLEGRINO Sparkling Natural Mineral Water,Supplier D,15.42,30
877916334,"bubly Summer Passionfruit Sparkling Water, 12 Fl Oz, 8 Pack Cans",Supplier B,3.04,21
877364446,"Bubly Bounce Caffeinated Triple Berry Flavored Sparkling Water, 12 oz, 8 Pack Cans",Supplier B,3.63,14
102586073,"Bubly Bounce Caffeinated Mango Passion Fruit Flavored Sparkling Water, 12 oz, 8 Pack Cans",Supplier B,4.24,7
956786223,"Sparkling Ice +Caffeine Naturally Flavored Sparkling Water, Blue Raspberry 16 Fl Oz",Supplier B,1.61,21
702886274,"Sparkling Ice +Caffeine Black Raspberry Sparkling Water, 16 Fl Oz Can",Supplier D,1.32,21
613081005,"Great Value Calorie Free Club Soda Cocktail Mixer, 7.5 Oz, 6 Count",Supplier B,3.64,14
622688667,"ORIGIN, Sparkling Water, 16.9 Fl Oz, Recycled Plastic Bottle (6 Count)",Supplier A,5.36,30
10323439,"Jarritos Mineragua Sparkling Water, 1.58 qt (1.5 liter), 1 Count",Supplier C,1.6,21
355276109,Great Value 4pk Sparkling Strawberry 8.45oz,Supplier B,4.23,30
706553894,"Sam's Choice Swiss Dark Chocolate with Almonds, 3.5 oz",Supplier B,2.15,21
346843695,HERSHEYS SPECIAL DARK ZERO SUGAR MILDLY SWEET CHOCOLATES PEG BAG,Supplier B,2.23,21
522435686,"Russell Stover Sugar Free Assorted Caramels with Stevia, 17.85 oz. Bag",Supplier D,11.32,14
572769721,Dove Promises Milk Chocolate Caramel Candy - 7.61 oz Bag,Supplier B,4.92,30
19802662,"Brach's Sugar Free Butterscotch Hard Candy, 3.5 oz",Supplier C,2.37,21
834917873,Dove Promises Sea Salt and Caramel Dark Chocolate Candy - 7.61 oz Bag,Supplier B,5.58,7
138545009,M&M's 50% Cacao Dark Chocolate Candy - 19.2 oz Bag,Supplier D,8.52,30
392335642,"HERSHEY'S, NUGGETS Special Dark Chocolate with Almonds Candy, Share Pack, 10.1 oz, Bag",Supplier C,4.03,30
979650135,Dove Promises Dark Chocolate Candy - 8.46 oz Bag,Supplier D,4.48,14
382499893,"Snickers Almond Brownie Candy Dark Chocolate Bars, Share Size - 2.52oz",Supplier C,1.79,30
124616761,"M&M's Peanut Dark Chocolate Candy, Family Size - 19.2oz Bag",Supplier A,6.73,30
21778143,"Great Value Spearmint Starlight Mints Hard Candy, 10 oz",Supplier C,1.09,7
676329966,"Hershey, Dark Chocolate Lovers Dark Chocolate Assortment Snack Size Candy, Individually Wrapped, 32.89 oz, Bulk Party Bag",Supplier B,12.78,30
10533771,"Russell Stover Sugar Free Pecan Delights with Stevia, 10 oz. Bag",Supplier A,7.33,30
145225759,"Godiva Signature 72% Cacao Dark Chocolate Mini Bars, 8 count, 3.1 oz",Supplier A,3.22,21
972506647,"Russell Stover Sugar Free Chocolate Candy Coated Peanuts in a Colorful Candy Shell, 7.5 oz",Supplier D,8.37,7
10448120,"Werthers Original Hard Sugar Free Caramel Candy, 2.75 Oz",Supplier A,3.3,14
846180602,"Godiva Signature Roasted Almond Dark Chocolate Mini Bars, 8 count, 3.1 oz",Supplier A,3.17,7
10533775,"Russell Stover Sugar Free Chocolate Toffee Squares with Stevia, 3 oz. Bag",Supplier C,2.73,21
12444380,"Russell Stover Sugar Free Caramel Chocolates with Stevia, 3 oz",Supplier D,2.67,7
10449916,"Hershey's Sugar Free Caramel Filled Chocolate Candy Bars, 3 oz Bag",Supplier A,2.85,7
24008035,"Werthers Original Hard Sugar Free Caramel Minis Candy, 1.48 Oz",Supplier A,1.84,14
908523743,Unreal Dark Chocolate Peanut Butter Cups,Supplier D,3.99,21
24034023,"Russell Stover Sugar Free Dark Chocolate with Stevia, 3 oz. Bag",Supplier D,1.94,21
261415486,Russell Stover Sugar-Free Chocolate Covered Candy-Peanut Butter Cup,Supplier A,1.72,30
10533774,"Russell Stover Sugar Free Candies  Assorted Flavor Mix with Stevia, 10 oz. Bag",Supplier D,7.61,30
38323321,"Hershey's Special Dark Mildly Sweet Dark Chocolate Candy, 4.25 oz, Bar",Supplier D,2.21,30
970257861,"Russell Stover Sugar Free Chocolate Candy Gems, 7.5 oz",Supplier C,7.03,7
10295320,Life Savers Pep-O-Mint Breath Mints Hard Candy Bag,Supplier A,2.25,21
680165839,Hsyngt Spdrk 10.2oz 6,Supplier A,4.85,21
610247835,"Hu Cashew Butter + Pure Vanilla Bean Dark Chocolate, 2.1 oz",Supplier A,5.87,21
130145812,"barkTHINS, Dark Chocolate Coconut and Almond Snacking Chocolate, Holiday, 4.7 oz, Bags (6 Count)",Supplier B,5.2,21
15056235,"GHIRARDELLI Intense Dark Chocolate Bar, 86% Cacao, 3.17 Oz Bar",Supplier D,3.08,30
21268921,"Lindt EXCELLENCE 90% Cocoa Dark Chocolate Candy Bar, 3.5 oz. Bar",Supplier C,3.28,30
177161689,"Werthers Original Hard Sugar Free Caramel Candy, 7.7 Oz",Supplier D,5.49,30
147581981,"Chocolove Salted Caramel Filled in 55% Dark Chocolate, 3.2oz",Supplier A,3.1,14
867623980,"Hershey's, Special Dark Mildly Sweet Dark Chocolate Candy, 5.4 oz 12 Pack",Supplier D,2.85,21
250678367,"Russell Stover Sugar Free Assortment with Stevia, 16.4 oz. Bag",Supplier A,11.03,21
14255327,"GHIRARDELLI Intense Dark Chocolate Bar, 72% Cacao, 3.5 Oz Bar",Supplier A,3.11,21
10533773,"Russell Stover Sugar-Free Mint Patties, 10 oz., 20 Ct",Supplier B,5.51,30
882549756,"Stacker 2 B12 10,000% Energy Shot Grape, 2 fl oz, 6 count",Supplier D,4.21,7
824027042,"Bang Keto Coffee Chocolate Peanut Butter High Protein Coffee Energy Drink, 15 oz Can",Supplier A,3.75,21
549807507,"5-hour ENERGY, Regular Strength, Watermelon, 1.93 oz, 6 Count",Supplier D,15.48,30
28498194,"5-Hour Energy Shot, Extra Strength, Grape, 1.93 oz",Supplier B,3.46,7
526433506,"5-hour ENERGY Shot, Extra Strength, Tropical Burst, 1.93 oz, 6 Count",Supplier D,16.53,14
279147229,"5-hour Energy, Extra Strength, Sugar Free, Tropical Burst, 1.93 oz.",Supplier A,3.17,14
107152443,"Seattle Gummy Co. Mocca Shots, Salted Caramel, High Energy Dietary Supplement Gummies 4-Pack",Supplier A,9.58,7
340875163,"Bai Boost Watamu Strawberry Watermelon, Antioxidant Infused Beverage, 18 fl oz bottle",Supplier D,2.4,7
706311326,"Rowdy Energy, Strawberry Lemonade, Sugar Free Energy Drink, 16 oz",Supplier C,2.1,21
134689333,Glukos Energy - Glukos Energy Gel Fruit Punch - 2 oz.,Supplier B,1.87,30
201093024,"Mtn Dew Baja Blast Energy Drink, Lime ,16 fl oz Can",Supplier A,2.01,30
305824490,VOOZ Blackberry16oz 12pk,Supplier B,1.63,14
10416088,"Great Value Sugar-Free Lemonade Drink Mix, 0.53 Oz., 6 Count",Supplier B,1.97,30
14089648,"5-hour ENERGY Shot, Extra Strength, Berry, 1.93 oz, 6 Count",Supplier C,17.97,21
55397854,"Starbucks Doubleshot Energy Vanilla Coffee Energy Drink, 11 oz, 4 Pack Cans",Supplier C,8.04,30
907361253,"5-hour ENERGY Shot, Extra Strength, Berry, 1.93 oz, 15 Count",Supplier D,30.5,7
991757456,"Bucked Up Big Game Energy Drink, Peach Passion, 16 fl oz, 150 mg Caffeine",Supplier C,2.88,14
915851669,"Rowdy Energy, Chiseled Ice, Sugar Free Energy Drink, 16 oz",Supplier D,1.77,21
757190837,"OLIPOP A New Kind of Soda, Tropical Punch Sparkling Tonic, 12 fl oz",Supplier B,2.39,30
24360574,"vitaminwater zero xxx, electrolyte enhanced water w/ vitamins, aai-blueberry-pomegranate drinks, 16.9 fl oz, 6 Pack",Supplier D,5.31,30
104971699,"Humankind Sparkling Water, 33.8 Fl Oz, Bottle",Supplier B,1.51,14
16627510,"Schweppes Club Soda, 1 L bottle",Supplier A,1.35,30
597720704,"SodaStream bubly drops Unsweetened Natural Flavor Essence Blackberry, 40 mL",Supplier C,4.87,7
151408654,"Polar Beverages Tonic Water, 1 Liter",Supplier A,0.91,7
235578491,"SodaStream bubly drops Unsweetened Natural Flavor Essence Mango, 40 mL",Supplier A,5.51,30
108468525,"Great Value Hydrate Electrolyte Water, 33.8 fl oz, 6 Count",Supplier B,6.32,7
233920257,"SodaStream bubly drops Unsweetened Natural Flavor Essence Lime, 40 mL",Supplier B,4.91,30
732960644,"SodaStream bubly Drops Peach Flavored Sparkling Water Flavor Mix, 40 ml",Supplier D,5.49,30
952298509,"Sensible Portions Gluten-Free Sea Salt, Zesty Ranch & Cheddar Cheese Garden Veggie Straws, 0.75 oz, 12 Count Polybag",Supplier B,7.47,30
462316912,"Sensible Portions Gluten-Free Sea Salt Garden Veggie Straws, 14 oz",Supplier C,5.59,30
559404794,"Great Value Freeze Dried Fruit Crisps, Variety Pack, 6 Count, 2.26 oz.",Supplier A,5.53,14
601061875,"Quaker Rice Crisps, Sweet & Savory Variety Pack, 14 Count",Supplier A,9.22,30
435214749,"Sensible Portions Gluten-Free Zesty Ranch Garden Veggie Straws, 14 oz.",Supplier A,5.8,21
585341473,"Wonderful Pistachios No Shell, Roasted & Salted, 0.75 Oz, 9 Count",Supplier C,5.95,7
315136034,"Sun-Maid Strawberry and Vanilla Yogurt Covered Raisins, Dried Whole Fruit, 6 oz, 6 Ct",Supplier B,3.26,21
34312391,"Belvita Soft Baked Banana Bread Breakfast Biscuits, 1.76 oz, 5 count",Supplier A,3.36,7
370981681,"Sheila G's Chocolate Chip Cookie Snack Thins Brownie Brittle, Gluten Free, 4.5 oz",Supplier D,4.0,21
654442950,"Mariani Dried Fruit, Vanilla Yogurt Covered Raisins, 7 oz Bag",Supplier A,3.0,21
10789397,"Kellogg's SCOOBY-DOO! Baked Graham Cracker Snacks, Cinnamon, 11 Oz, Box",Supplier C,2.67,30
43421476,"Snack Factory Pretzel Crisps, Original, Party Size, 14 Oz",Supplier D,5.69,14
584286382,"Popcorners White Cheddar Gluten Free Popped Corn Snacks, 7 oz Bag",Supplier B,4.49,7
194527247,"Popcorners Kettle Corn Popped Corn Snacks, 7 oz Bag",Supplier D,4.42,21
17179143,"Great Value Dried Mango, Sweetened, 6 oz",Supplier D,4.57,21
401674144,"Ocean's Halo, 4pk Seaweed Snack, Sea Salt, Vegan Gluten-Free Keto Organic Chips",Supplier A,3.05,21
34312392,"RITZ Bits Cheese Sandwich Crackers, 8.8 oz",Supplier B,2.95,30
588241966,"Great Value Freeze Dried Strawberry Fruit Crisps, 1 oz",Supplier B,3.64,30
33318188,"Schar Gluten Free Hazelnut Wafers, Crispy Wafer with Nutty Hazelnut Filling, 1.8 oz",Supplier B,1.59,7
20670285,"Great Value Sun-Dried Raisins, 1 oz, 6 Count",Supplier D,1.53,30
914582061,"Power Up High Energy Trail Mix 14oz, Gluten-Free, Vegan, Non-GMO",Supplier B,5.61,21
46854898,"SKIPPY PB Bites Double Peanut Butter Snack, 6 oz",Supplier D,3.58,7
30604606,"Pirate's Booty Gluten-Free Aged White Cheddar Puffs, 1 oz, 6 Count",Supplier A,7.47,30
10292128,"Newtons Soft & Fruit Chewy Fig Cookies, School Snacks, 12 Snack Packs (2 Cookies Per Pack)",Supplier A,5.88,14
31955078,"Stauffer's Original Animal Crackers, 1.5 Oz, 12 Ct",Supplier D,3.64,30
10292089,"Teddy Grahams Chocolate Graham Snacks, 10 oz",Supplier D,4.34,14
46460974,"BIGS Simply Salted Homestyle Roast Pumpkin Seeds, Keto Friendly Snack, Low Carb Lifestyle, 5-oz. Bag",Supplier D,2.37,7
31954395,"SunChips Whole Grain Snacks, Original, 7 oz",Supplier D,3.87,30
430656946,"Sun-Maid California Sun-Dried Raisins, Dried Whole Fruit, 1 oz, 6 Ct",Supplier C,2.24,30
10312606,"Quaker Rice Crisps, Buttermilk Ranch, 6.06 oz",Supplier C,4.16,21
445236587,"Sargento Sweet Balanced Breaks Cheddar Cheese, Roasted Almonds, Raisins, Yogurt Drops, 3-Pack",Supplier C,3.57,21
663605631,"Emerald Nuts, Cashews & Almonds with Dried Cranberries, 100 Calorie Packs, 10 Ct, 6.9 Oz",Supplier C,6.1,30
513223362,"Wonderful Pistachios, No Shell Nuts, Variety Pack (Pack of 9)",Supplier A,7.88,30
134241779,"Great Value Alphabet Mini Cookies, 1 oz, 12 Count",Supplier D,3.75,30
40147231,"Stacy's Pita Chips, Simply Naked, Party Size, 18 oz",Supplier B,5.4,7
109915691,"Wonderful Pistachios No Shell Roasted & Salted, 12 Oz Resealable Pouch",Supplier C,8.78,7
49909660,"Fritos Flavor Twists Honey BBQ Corn Snacks, 9.25 oz Bag",Supplier A,4.65,14
333334940,"Great Value Freeze Dried Apple Crisps, Multi Pack, 6 Count, 0.35 oz.",Supplier A,6.89,30
49863609,"Angie's BoomChickaPop Sweet & Salty Kettle Corn, 1 oz Pre-Popped Popcorn Bags, 6 ct",Supplier A,5.91,7
10448531,"Great Value Dry Roasted Peanuts, 16 oz",Supplier A,2.07,30
10452470,"Clear American Peach Sparkling Water, 33.8 fl oz",Supplier B,0.65,14
35592632,"Clear American Fuji Apple Sparkling Water, 33.8 fl oz",Supplier A,0.63,14
10453152,"Clear American Sparkling Water, Mandarin Orange, 33.8 fl oz",Supplier D,0.68,21
108468525,"Great Value Hydrate Electrolyte Water, 33.8 fl oz, 6 Count",Supplier A,6.38,7
41862625,"Clear American Sparkling Water, Key Lime 33.8 fl oz",Supplier C,0.84,30
10452357,"Clear American Sparkling Water, Strawberry, 33.8 fl oz",Supplier D,0.78,14
50280115,"Clear American Sparkling Water, Orange & Cream, 33.8 fl oz",Supplier B,0.68,30
24360574,"vitaminwater zero xxx, electrolyte enhanced water w/ vitamins, aai-blueberry-pomegranate drinks, 16.9 fl oz, 6 Pack",Supplier B,6.42,21
42132281,"Clear American Black Cherry Sparkling Water, 12 Fl Oz, 12 Pack Cans",Supplier C,5.27,30
702886274,"Sparkling Ice +Caffeine Black Raspberry Sparkling Water, 16 Fl Oz Can",Supplier A,1.21,21
42068049,"Clear American Strawberry Sparkling Water, 12 Fl Oz, 12 Pack Cans",Supplier A,4.95,21
613081005,"Great Value Calorie Free Club Soda Cocktail Mixer, 7.5 Oz, 6 Count",Supplier D,2.46,7
217072817,"LaCroix Sparkling Water, LimonCello 8pk/ 12 fl oz",Supplier C,4.11,30
36333049,"LaCroix Sparkling Water, Lime 8Pk/12Oz",Supplier A,3.6,30
16627510,"Schweppes Club Soda, 1 L bottle",Supplier C,1.33,14
925850848,"AHA Sparkling Water, Pineapple + Passionfruit Flavored Water, Zero Calories, Sodium Free, No Sweeteners, 12 fl oz, 8 Pack",Supplier A,4.48,14
202482859,"AHA Sparkling Water, Blackberry + Lemon Flavored Water, Zero Calories, Sodium Free, No Sweeteners, 12 fl oz, 8 Pack",Supplier C,4.29,7
948020632,"bubly Blackberry Flavored Sparkling Water, 12 oz, 8 Pack Cans",Supplier D,4.24,14
579022868,"bubly Strawberry Flavored Sparkling Water, 12 oz, 8 Pack Cans",Supplier C,2.88,21
138409196,"AHA Sparkling Water, Blueberry Pomegranate Flavored Water, Zero Calories, Sodium Free, No Sweeteners, 12 fl oz, 8 Pack",Supplier D,4.0,14
45726041,"LaCroix Sparkling Water, Razz- Cranberry 8Pk/12Oz",Supplier C,3.93,21
618205718,"Sparkling Ice Variety Pack, 17 Fl Oz, 12 Count (Grape Raspberry, Strawberry Watermelon, Classic Lemonade, Lemon Lime)",Supplier D,9.51,30
41578529,"Sparkling Ice Variety Pack, 17 Fl Oz, 12 Count (Black Raspberry, Cherry Limeade, Orange Mango, Kiwi Strawberry)",Supplier C,10.35,14
133208958,"AHA Sparkling Water, Lime + Watermelon Flavored Water, Zero Calories, Sodium Free, No Sweeteners, 12 fl oz, 8 Pack",Supplier B,3.1,21
133272692,"Clear American Unsweetened Blackberry Sparkling Water, 12 fl oz, 12 Count",Supplier B,3.42,14
899967548,"bubly Cherry Flavored Sparkling Water, 12 oz, 8 Pack Cans",Supplier C,3.26,14
220279687,"bubly Lime Flavored Sparkling Water, 12 oz, 8 Pack Cans",Supplier A,3.84,14
36361306,"Ready-to-Drink - Grapefruit - 12 fl oz (355 mL) - Can - 8 / Pack / Can, 8 / Pack (Quantity)",Supplier A,3.85,21
10448349,"Great Value Sodium Free Seltzer Water, 33.8 fl oz",Supplier A,0.76,21
45007684,"LaCroix Sparkling Water Curate, Cerise Limn (Cherry Lime) - 8pk/12 fl Oz Cans",Supplier A,4.65,14
100626168,"Clear American Peach Nectar Sparkling Water, 17 Fl Oz, Bottle",Supplier C,0.81,30
21268881,"Sparkling Ice Naturally Flavored Sparkling Water, Black Raspberry 17 Fl Oz",Supplier C,1.22,21
20469606,"Sparkling Ice Naturally Flavored Sparkling Water, Coconut Pineapple 17 Fl Oz",Supplier C,0.88,7
164661614,"LaCroix Sparkling Water Curate, Pina Fraise (Pineapple Strawberry) 8pk/12 fl Oz",Supplier B,3.78,14
36334353,"LaCroix Sparkling Water, Coconut - 8pk/12 fl oz",Supplier D,3.35,30
21268883,"Sparkling Ice Naturally Flavored Sparkling Water, Kiwi Strawberry 17 Fl Oz",Supplier B,1.05,7
20469607,"Sparkling Ice Naturally Flavored Sparkling Water, Classic Lemonade 17 Fl Oz",Supplier A,0.9,30
10448533,"Great Value Low Sodium Club Soda Sparkling Water, 33.8 Fl Oz, 1 single Bottle",Supplier C,0.83,14
37620516,"Topo Chico Sparkling Mineral Water Glass Bottles, 12 fl oz, 12 Pack",Supplier A,11.54,21
187465445,"Sparkling Ice Naturally Flavored Sparkling Water, Black Raspberry 17 Fl Oz, (Pack of 12)",Supplier A,14.27,14
24034022,"Russell Stover Sugar Free Dark Chocolate Pecan Delight Laydown Bag, 10 oz",Supplier A,6.0,14
10312257,"Lindt EXCELLENCE 85% Cocoa Dark Chocolate Candy Bar, 3.5 oz. Bar",Supplier C,2.76,21
10449277,"Ritter Sport Chocolate, 3.5 Oz",Supplier D,3.12,30
558560059,REESE'S ORGANIC MILK CHOCOLATE,Supplier B,2.07,7
901784410,"Hershey's Kisses Special Dark Mildly Sweet Chocolate Candy, 16.1 oz Bag",Supplier A,7.76,30
10534239,"Russell Stover Sugar Free Coconut with Stevia  Sweet Coconut in Chocolate Candy, 10 oz. Bag",Supplier B,7.96,21
47929075,"Lily's 70% Cocoa Extra Dark Chocolate Bar, 2.8 oz",Supplier C,4.39,14
479355285,"Hershey's, Special Dark Zero Sugar Chocolate, 5.1 oz, Pouch",Supplier C,4.49,14
957476987,"Hershey's NUGGETS Special Dark Chocolate Assorted Candy, Big Pack, 15oz Bag",Supplier D,5.61,21
11047164,"GHIRARDELLI Milk Chocolate Squares with Caramel Filling, 5.32 OZ Bag",Supplier C,5.02,21
269933440,REESE'S DARK CHOCOLATE DIPPED PRETZELS,Supplier C,3.01,30
598637256,"Lindt Lindor 70% Extra Dark Chocolate Candy Truffles, 8.5 oz. Bag",Supplier D,5.87,30
10312259,"Lindt EXCELLENCE 70% Cocoa Dark Chocolate Candy Bar, 3.5 oz. Bar",Supplier B,3.43,7
158931066,"Hershey's, Organic Milk Chocolate Candy, Individually Wrapped, 1.55 oz, Bar",Supplier A,2.02,30
157511515,"Russell Stover Sugar-Free Pecan Delights, Coconut, & Caramel Variety Candy Pack, 10 oz.",Supplier C,7.06,14
458900246,"Hu Salty Dark Chocolate, 2.1 oz",Supplier D,4.68,7
247971222,"Russell Stover Sugar Free Assorted Dark Chocolate with Stevia  Truffle, Caramel and Peanut Butter Cups, 9 oz. Bag",Supplier D,8.18,7
811456723,Dove Promises Variety Pack Milk and Dark Chocolate Candy - 15.8 oz Bag,Supplier B,10.48,7
44805019,"Lindt Lindor Dark Chocolate Candy Truffles, 8.5 oz. Bag",Supplier A,8.14,30
33385101,"Chocolove Almonds & Sea Salt in 55% Dark Chocolate, 3.2oz",Supplier C,2.99,21
288993864,"Lindt EXCELLENCE 100% Cocoa Dark Chocolate Candy Bar, 1.7 oz. Bar",Supplier D,3.07,30
304728171,"Hu Hazelnut Butter Dark Chocolate, 2.1 oz",Supplier D,5.04,7
867548073,ChocZero - Dark Chocolate Keto Bark Sugar Free Almond - 6 oz.,Supplier D,5.41,7
47711435,"Lily's Sweets Sea Salt Extra Dark Chocolate Candy Bar, 2.8 Oz",Supplier B,4.58,7
441963470,"HERSHEY'S, KISSES SPECIAL DARK Mildly Sweet Chocolate Candy, Individually Wrapped, 32.1 oz, Bulk Party Pack",Supplier C,11.77,30
212646542,"Simply Gum, Peppermint Sugar Free Gum, Non GMO, Vegan, 15 Pcs, 3 Ct",Supplier A,7.46,7
692578791,"Hu Almond Butter + Puffed Quinoa Dark Chocolate, 2.1 oz",Supplier B,4.62,14
245861988,"Lindt LINDOR Dark Assorted Chocolate Truffles, 15.2oz",Supplier B,10.84,21
37620495,"Ritter Sport Chocolate, Bittersweet with Marzipan, 3.5 oz",Supplier D,2.22,30
21296149,"Snack Pack Chocolate Pudding Cups, Made with Real Milk, 3.25 oz, 4 Pack",Supplier A,1.29,21
13812764,"Snack Pack Chocolate Vanilla Pudding Cups, Made with Real Milk, 3.25 oz, 4 Pack",Supplier B,1.62,14
21905170,"Jell-O Original Strawberry Cheesecake Pudding Cups Snack, 4 ct Cups",Supplier A,2.05,14
10534206,Winky Gelatin 42 oz (12 pk 3.5 oz),Supplier B,4.31,30
20554600,"Snack Pack Sugar Free Chocolate Pudding, 3.25 oz, 4 count",Supplier A,1.46,21
20554609,"Snack Pack Strawberry and Orange Juicy Gels, 3.25 oz, 4 count",Supplier B,1.25,30
24905773,"Jell-O Original Strawberry Ready-to-Eat Jello Cups Gelatin Snack Value Pack, 8 ct Cups",Supplier A,4.39,14
631219746,"Philadelphia Cheesecake Crumble Strawberry Cheesecake Desserts with Graham Crumble, 2 ct Pack",Supplier B,4.35,30
21621593,"Jell-O Temptations Lemon Meringue Pie Pudding Cups Snack, 4 ct Cups",Supplier C,3.0,30
909689973,"Kool-Aid Gels Tropical Punch Jell-O Ready-to-Eat Gelatin Snacks, 4 ct Cups",Supplier C,1.25,21
186107191,"Philadelphia Strawberry Cheesecake Snacks, 2 ct Pack, 3.25 oz Cups",Supplier B,3.6,14
21609423,"Jell-O Strawberry Sugar Free Ready-to-Eat Jello Cups Gelatin Snack Value Pack, 8 ct Cups",Supplier B,4.97,30
21609421,"Jell-O Black Cherry Sugar Free Ready-to-Eat Jello Cups Gelatin Snack, 4 ct Cups",Supplier A,2.24,7
10534205,Winky Sugar Free Gelatin 39oz (12 pk 3.25oz),Supplier C,2.9,21
123120621,Winky Sugar Free Parfait 28 oz (8 pk 3.5 oz),Supplier D,3.42,7
21609422,"Jell-O Chocolate Sugar Free Pudding Cups Snack Value Pack, 8 ct Cups",Supplier A,3.99,21
21905177,"Jell-O Lemon-Lime Sugar Free Ready-to-Eat Jello Cups Gelatin Snack, 4 ct Cups",Supplier A,2.32,21
46180205,"Hershey's Chocolate Pudding Cups Snack, 4 ct Cups",Supplier D,3.02,21
19500148,"Dole Fruit Bowls Mixed Fruit in Sugar Free Cherry Flavored Gel, 4.3 Oz Bowls, 4 Cups of Fruit",Supplier D,3.31,30
111730078,"Philadelphia Cherry Cheesecake Snacks, 2 ct Pack, 3.25 oz Cups",Supplier D,2.56,30
15610878,"Kozy Shack Original Recipe Tapioca Pudding 6-pack, 24 oz",Supplier C,4.44,7
13812755,"Snack Pack Sugar Free Cherry Juicy Gels with Real Juice, 3.2 Oz, 4 Pack",Supplier C,1.41,7
10323108,"Kozy Shack Original Recipe Tapioca Pudding, 22 oz",Supplier B,4.06,14
979123467,"Philadelphia Cheesecake Crumble Original Cheesecake Desserts with Graham Crumble, 2 ct Pack",Supplier B,4.28,21
141994384,"Philadelphia Salted Caramel Cheesecake Snacks, 2 ct Pack, 3.25 oz Cups",Supplier A,3.42,7
21905171,"Jell-O Strawberry Sugar Free Ready-to-Eat Jello Cups Gelatin Snack, 4 ct Cups",Supplier A,2.2,30
100556137,Patti LaBelle Banana Pudding 36oz,Supplier A,11.13,30
15580483,"Kozy Shack Original Recipe Rice Pudding 6-pack, 24 oz",Supplier A,3.09,30
140192217,"Philadelphia Cherry with Graham Crumble Cheesecake Desserts, 2 count, 6.6 oz",Supplier B,3.62,21
21905175,"Jell-O Original Orange Ready-to-Eat Jello Cups Gelatin Snack, 4 ct Cups",Supplier B,2.12,14
717755250,"Colliders Twisted Reeses Refrigerated Dessert Pudding Cups, 2 ct Pack",Supplier A,2.01,14
21677805,"Jell-O Original Chocolate Pudding Cups Snack Value Pack, 8 ct Cups",Supplier C,4.52,21
10323105,"Kozy Shack Original Recipe Rice Pudding, 22 oz",Supplier B,3.68,7
188029961,"Colliders Layered Rolo Refrigerated Dessert Pudding Cups, 2 ct Pack",Supplier C,1.69,7
194714180,Raymundos 6ct 4oz Caramel Flan,Supplier B,4.34,7
21905160,"Jell-O Vanilla Sugar Free Pudding Cups Snack, 4 ct Cups",Supplier A,3.16,30
181305816,"Senor Rico Rice Pudding, 3.75 Oz, 4 Pack",Supplier B,2.68,21
507183737,Raymundos 12ct 3.25oz Creme Parfait Assorted Gel,Supplier A,2.72,7
24506140,Winky Sugar Free Gelatin 78oz (24 pk 3.25oz),Supplier D,4.94,7
398476118,"Starburst FaveREDS Duo Gelatin Variety Pack, 7.86 oz",Supplier D,3.9,7
513223362,"Wonderful Pistachios, No Shell Nuts, Variety Pack (Pack of 9)",Supplier C,7.03,21
134241779,"Great Value Alphabet Mini Cookies, 1 oz, 12 Count",Supplier D,4.31,14
40147231,"Stacy's Pita Chips, Simply Naked, Party Size, 18 oz",Supplier B,6.33,21
109915691,"Wonderful Pistachios No Shell Roasted & Salted, 12 Oz Resealable Pouch",Supplier A,8.68,30
49909660,"Fritos Flavor Twists Honey BBQ Corn Snacks, 9.25 oz Bag",Supplier A,3.51,14
333334940,"Great Value Freeze Dried Apple Crisps, Multi Pack, 6 Count, 0.35 oz.",Supplier B,6.12,30
49863609,"Angie's BoomChickaPop Sweet & Salty Kettle Corn, 1 oz Pre-Popped Popcorn Bags, 6 ct",Supplier D,6.62,7
10448531,"Great Value Dry Roasted Peanuts, 16 oz",Supplier C,2.0,21
22700288,"Planters Honey Roasted Peanuts, 10 ct Box, 1 oz Packs",Supplier D,2.97,21
17179142,"Great Value Dried Pineapple, Sweetened, 6 oz",Supplier B,3.29,14
10312599,"Quaker Rice Cakes, Lightly Salted, 4.47 Oz",Supplier B,4.15,14
10849918,"TERRA Vegetable Chips, Sea Salt, 6.8 oz",Supplier C,4.06,14
17056788,"Fritos Original Corn Chips, 9.25 oz",Supplier B,3.73,21
552134979,"belVita Sandwich Dark Chocolate Creme Breakfast Biscuits, Value Pack, 12 Packs (2 Sandwiches Per Pack)",Supplier D,6.92,30
22700287,"Planters Salted Peanuts, 10 ct Box, 1 oz Packs",Supplier C,4.17,30
10321193,VOORTMAN Bakery Sugar Free Strawberry Wafers 9 oz,Supplier D,4.01,21
10790821,"Fritos Jalapeno Cheddar Flavored Cheese Dip, 9 oz",Supplier A,4.16,14
50259427,"belVita Sandwich Peanut Butter Breakfast Biscuits, 5 Packs (2 Sandwiches Per Pack)",Supplier D,4.91,21
43200060,"Barnum's Original Animal Crackers, 12 - 1 oz Snack Packs",Supplier A,6.64,7
16935720,"Great Value Honey Roasted Peanuts, 16 oz, Jar",Supplier C,1.59,21
30876344,"Blue Diamond Honey Roasted Almonds Canister, 6 oz",Supplier B,3.62,7
23554497,"NUT-rition Heart Healthy Mix with Peanuts, Almonds, Pistachios, Pecans, Walnuts & Sea Salt, 7 ct Packs",Supplier A,5.58,14
19399885,"Peanut Patch Original Canned Boiled Peanuts 27oz, Can",Supplier C,2.52,7
790553495,"Great Value Cashew Halves and Pieces, 5 oz",Supplier D,2.41,14
35325220,"Fiber One Soft-Baked Cookies, Oatmeal Raisin, 6 ct, 6.6 oz",Supplier A,2.81,7
16785050,"Bailey David All-Natural Original Roasted & Salted Jumbo Sunflower Seeds, 16 Oz",Supplier A,4.08,14
20896168,"Great Value Sun-Dried Raisins, 20 oz",Supplier B,4.07,30
110524812,"Snack Factory Pretzel Crisps, Garlic Parmesan, Party Size, 14 oz",Supplier D,6.14,7
511664265,"Quinn Gluten Free Peanut Butter Filled Pretzel Nuggets, 7 Oz",Supplier C,4.15,14
106585958,"Ocean Spray Craisins Dried Cranberries, Reduced Sugar, 20oz Resealable Pouch",Supplier C,7.38,30
229381936,"Great Value Dried Fruit Medley, Tropical, 7.5 oz",Supplier B,2.99,7
168411214,"Great Value Gluten-Free Hint of Lime Tortilla Chips, 13 Oz.",Supplier D,1.56,30
499527722,"Great Value Chopped Macadamia Nuts, 4 oz",Supplier C,4.05,7
483617254,"Great Value Lightly Salted, Deluxe Mixed Nuts, 15.25 oz",Supplier C,10.22,14
884766452,"Fritos Scoops! Corn Snacks, Party Size, 15.5 oz Bag",Supplier A,4.8,21
771389438,"Freshness Guaranteed Roasted & Salted Sunflower Kernels, 11 Oz",Supplier B,4.35,21
51727071,"Sunsweet Amazin Prunes, Pitted, 16 Oz",Supplier D,7.96,14
24553281,"Cheez-It DUOZ Cheese Crackers, Cheddar and Parmesan, 12.4 Oz, Box",Supplier C,2.89,7
331912964,"RXBAR Protein Bar, Variety Pack, 10 Ct, 18.3 Oz, Box",Supplier D,21.48,14
15580719,"Bugles Crispy Corn Snacks, Original Flavor, Family Size Snack Bag, 14.5 oz",Supplier B,4.04,14
24553281,"Cheez-It DUOZ Cheese Crackers, Cheddar and Parmesan, 12.4 Oz, Box",Supplier D,3.68,7
331912964,"RXBAR Protein Bar, Variety Pack, 10 Ct, 18.3 Oz, Box",Supplier A,19.38,21
15580719,"Bugles Crispy Corn Snacks, Original Flavor, Family Size Snack Bag, 14.5 oz",Supplier B,3.34,14
10996799,"Cheez-It Cheese Crackers, White Cheddar, 21 Oz, Box",Supplier B,6.48,30
1541538715,CHESTER'S CHEESE PUFFCORN 4.25OZ,Supplier A,2.69,7
636142562,"Great Value Honey Roasted Pecans, 7 oz",Supplier A,5.14,21
108063293,"Emerald Nuts, Walnuts & Almonds with Dried Cherries, 100 Calorie Packs, 10 Ct, 6.7 Oz",Supplier C,5.03,21
294624565,Sabritas Flavored Corn Snacks Turbos Flamas 10 Oz,Supplier B,3.35,30
266956413,"Good Thins Garden Veggie Rice Snacks Gluten Free Crackers, 3.5 oz",Supplier D,3.9,21
111882536,"Power Up Protein Packed Trail Mix from Gourmet Nut, 14 oz. Resealable Bag, Gluten Free, Good Source of Protein",Supplier C,6.71,21
202701776,"Great Value Chili Cheese Corn Chips, 9.25 oz",Supplier B,1.55,21
620060802,"Great Value Chopped Walnuts, 8 oz",Supplier B,4.72,14
29926637,"Gluten Free by Glutino Pretzel Twists, Delicious Everyday Snack, Salted, 14.1 Ounce",Supplier C,7.26,14
38568525,"Great Value Dried Figs, Mission, 7 oz",Supplier C,2.35,14
49909674,"Simply Tostitos Organic Blue Corn Tortilla Chips, 8.25 oz Bag",Supplier C,4.33,21
10321191,VOORTMAN Bakery Sugar Free Vanilla Wafers 9 oz,Supplier D,3.42,7
402563928,Chester's Fries Corn Snacks Flamin' Hot Flavored 3 5/8 Oz,Supplier B,2.31,30
996669724,"Kars Nuts Second Nature Wholesome Medley 12Oz, 8ct",Supplier A,6.05,21
28826857,"Austin Sandwich Crackers, Peanut Butter on Cheese, 27 Ct, 37.2 Oz, Tray",Supplier B,9.18,21
566809965,"Great Value Roasted & Salted Sunflower Kernels, 16 oz YJ",Supplier C,3.34,30
804851997,"Great Value Pine Nuts, 4 oz",Supplier D,7.63,7
228887305,"Wonderful Pistachios Roasted & Salted, 1.5 Oz, 9 Count",Supplier C,5.56,21
143458687,"Power Up Mega Omega Trail Mix from Gourmet Nut, Resealable Bag, Gluten Free 14 oz",Supplier C,6.32,7
45996555,"Blue Diamond Almonds, Whole Natural Raw Almonds, 14 oz",Supplier D,7.26,7
10448380,"Great Value Honey Roasted Peanuts, 34.5 oz, Jar",Supplier A,5.35,21
